title,release_date,runtime,genre/s,categories_id,description,image,trailer,actors,director,writers
El corazón de Europa,2022/05/27,110,,"5,8","El director Julián Pintos y su alter ego se encuentran confinados en su hogar, aislados en el campo, durante la pandemia que asola a Europa en pleno siglo XXI y emprenden un viaje introspectivo en el que coincidirán con Myriam la misteriosa Máscara de Plata y con las dos inquietantes máscaras del teatro, musas de la comedia y la tragedia, desdobladas en Esther y Diana. Los personajes, atrapados en un túnel del tiempo, como única escapatoria intentarán hallar el corazón de Europa rememorando sus respectivos pasados vinculados entre sí con el Viejo Continente, dejando aflorar los fantasmas y miedos más profundos que cada uno de ellos oculta.",/movies_images/el-corazn-de-europa.jpg,https://www.youtube.com/embed/PnwWDRNVWyc,"Juan Pinzás,Elke Krüger,Katherine Sorel,María Villar",Juan Pinzás,Juan Pinzás
"Blancanieves (Mirror, Mirror)",2012/03/23,105,,"8,4,14","Se trata de una nueva versión del cuento de &quot;Blancanieves&quot;. La madrastra de una princesa huérfana (Julia Roberts), desterrará a esta al bosque cuando se percate de que la belleza de la muchacha es superior a la suya, quedándose como dueña y señora de todo su reino. La inocente Blancanieves (Lily Collins, 'Sin salida'), lejos de darse por vencida, se aliará con siete pequeños guerreros (los enanitos) que la ayudarán para enfrentarse directamente a la malvada reina y derrocarla para siempre en una cruda batalla por la supervivencia. El director Tarsem Singh ('Immortals') se introduce en las entrañas de esta fábula de toda la vida y le da una nueva dimensión gracias a su particular y exuberante universo visual, la reviste con un toque de comedia y la acerca a los nuevos públicos. 'Blancanieves (Mirror, Mirror)' recobra la magia de los cuentos de hadas infantiles y actualiza su esencia en la que laten los celos, la codicia, la soberbia y la traición. También habrá lugar para el romance, con el consabido príncipe azul (interpretado por Armie Hammer, 'J. Edgar'). Una fantasía multicolor llena de encanto.",/movies_images/blancanieves-mirror-mirror.jpg,https://www.youtube.com/embed/mjFSAAPwtpQ,"Julia Roberts,Lily Collins,Armie Hammer,Nathan Lane",Tarsem Singh,"Melisa Wallack,Jason Keller,Marc Klein,Jacob Grimm,Wilhelm Grimm"
Cinco lobitos,2022/05/20,104,,5,"Amaia (Laia Costa) acaba de ser madre y se da cuenta de que no sabe muy bien cómo actuar. Al ausentarse su pareja por trabajo durante un corto periodo de tiempo, decide volver a casa de sus padres, en un bonito pueblo costero del País Vasco y así compartir la responsabilidad de cuidar al pequeño. Lo que no sabe la joven es que, aunque ahora sea madre, no dejará de ser hija.",/movies_images/cinco-lobitos.jpg,https://www.youtube.com/embed/xBuqdeNtXp4,"Laia Costa,Susi Sánchez,Ramon Barea,Mikel Bustamante",Alauda Ruíz de Azúa,Alauda Ruíz de Azúa
Morbius,2022/04/01,105,,"2,8","El Doctor Michael Morbius (Jared Leto) es un bioquímico que sufre una extraña enfermedad en la sangre. Para curarse y dar una respuesta a su trastorno, en el proceso, se infecta sin darse cuenta con una forma de vampirismo. Aunque debería haber muerto, tras la cura, Michael se siente más vivo que nunca y adquiere dones como fuerza, velocidad, capacidad de ecolocalización, además de una necesidad irresistible de consumir sangre. Trágicamente convertido en un imperfecto antihéroe, el Doctor Morbius tendrá una última oportunidad, pero ¿a qué precio? Spin-off de uno de los villanos más conocidos de Spider-Man, creado por Roy Thomas y Gil Kane, el filme lo producen los responsables de Spider-Man: Homecoming (2017), Venom (2018) y Spider-Man: Lejos de casa (2019).",/movies_images/morbius.jpg,https://www.youtube.com/embed/EA4v3wl7faA,"Jared Leto,Matt Smith (XI),Adria Arjona,Jared Harris",Daniel Espinosa,"Burk Sharpless,Matt Sazama,Roy Thomas"
After. Almas perdidas,2021/09/03,98,,"5,11","Pese a que la historia de amor entre Tessa Young (Josephine Langford) y Hardin Scott (Hero Fiennes-Tiffin) ha pasado por muchas complicaciones, esta vez es mucho más compleja que nunca. Ahora que Tessa ha tomado una de las decisiones más importantes de su vida, todo cambia completamente. Los secretos que salen a la luz sobre sus familias, ponen en peligro su relación y su futuro juntos. La vida de Tessa empieza a romperse en pedazos, y ya nada es como antes. Aunque sabe que Hardin la quiere, ambos están rodeados de celos, odio y perdón. Hasta ahora, el amor era suficiente para mantener su relación a flote pero, ¿de verdad sigue mereciendo la pena?Adaptación cinematográfica de la exitosa saga de novelas escritas por Anna Todd.",/movies_images/after.-almas-perdidas.jpg,https://www.youtube.com/embed/speZejQwBQo,"Josephine Langford,Hero Fiennes Tiffin,Louise Lombard,Chance Perdomo",Castille Landon,Anna Todd
La peor persona del mundo,2022/03/11,128,,"5,14","Julie se encuentra en plena crisis existencial. Está a punto de cumplir 30 años y aún no sabe si su vida tiene algún tipo de sentido. Mantiene una relación sentimental con Aksel, un escritor de éxito mayor que ella que quiere asentar la cabeza y formar una familia, una clase de planes a los que Julia no está dispuesta a unirse. Una noche en un fiesta comoce a&amp;nbsp;Eivind. Al poco tiemppo de su encuentro, Julie ha roto con Aksel, se ha lanzado a una nueva relación pero aún sigue sin saber qué es lo que quiere en su vida, ni para ella misma.",/movies_images/la-peor-persona-del-mundo.jpg,https://www.youtube.com/embed/W9oo5fwTvpY,"Renate Reinsve,Anders Danielsen Lie,Herbert Nordrum,Hans Olav Brenner",Joachim Trier,"Joachim Trier,Eskil Vogt"
Clara Sola,2022/05/20,106,,5,"Se cree de Clara que tiene una conexión especial con Dios. Como curandera, sostiene a una familia y un pueblo necesitados de esperanza, mientras encuentra consuelo en su relación con el mundo natural. Después de años de estar bajo el férreo control de su madre, los deseos sexuales de Clara se despiertan por su atracción por la nueva pareja de su sobrina. Esta fuerza la lleva a un territoriodesconocido, permitiéndole cruzar fronteras, tanto físicas como místicas. Gracias a su despertar sexual, Clara se libera gradualmente de su papel de &quot;santa&quot; y comienza a curarse a sí misma.",/movies_images/clara-sola.jpg,https://www.youtube.com/embed/1yQZ-VyT3DA,"Wendy Chinchilla Araya,Daniel Castañeda Rincón,Ana Julia Porras Espinoza,Flor María Vargas Chaves",Nathalie Álvarez Mesén,"Nathalie Álvarez Mesén,Maria Camila Arias"
Los jóvenes amantes,2022/06/10,112,,11,"Shauna -una elegante arquitecta jubilada- se cruza con Pierre -un médico felizmente casado- en el pasillo de un hospital. Ella tiene 71 años, él 45. Quedando prendados el uno por el otro, vuelven a conectar y comienzan una aventura. Viuda, madre, abuela... Shauna necesita reafirmar que después de todo es una mujer plena.",/movies_images/los-jvenes-amantes.jpg,https://www.youtube.com/embed/RrSySlYujzE,"Fanny Ardant,Melvil Poupaud,Cécile de France,Florence Loiret-Caille",Carine Tardieu,"Carine Tardieu,Agnès De Sacy,Solveig Anspach,Agnès De Sacy,Solveig Anspach"
Dog. Un viaje salvaje,2022/04/22,102,,10,"Briggs es un tipo que recorre la costa del Pacífico, con el tiempo justo para asistir al funeral de su mejor amigo. Le acompaña en este viaje su mascota: Lulu, una indomable pastor belga. A uno de ellos le queda una semana de vida, mientras que el otro vive como si cada día fuera el último.",/movies_images/dog.-un-viaje-salvaje.jpg,https://www.youtube.com/embed/aWyzUNRBYZk,"Channing Tatum,Luke Forbes,Ethan Suplee,Kevin Nash","Reid Carolin,Channing Tatum",Reid Carolin
Mamá Muu vuelve a casa,2022/05/13,63,,"9,19","Cuando cigüeña viajera aparece en la granja de los protagonistas, Mamá Muu se cuestiona qué supone realmente el tener un hogar. ¿Cómo puede estar segura que el prado y la granja donde vive son realmente su casa? ¿Y si hubiera un lugar mejor para vivir en algún otro lugar de este gran planeta? Al Cuervo le cuesta demostrar a su gran amiga que no siempre se vive mejor en otros sitios.",/movies_images/mam-muu-vuelve-a-casa.jpg,https://www.youtube.com/embed/n5t9q4mk_5E,,Christian Ryltenius,Peter Arrhenius
Mi mejor amigo,2022/06/17,85,,5,"Los alumnos que estudian en el internado de la historia se ven aplastados por la presión y la disciplina impuestas en el centro. Un día, uno de los alumnos enferma y su amigo Yusuf, que no puede permanecer indiferente, decide llevarlo al médico. Sin embargo, se encuentra con una serie de obstáculos: para conseguir trasladarle, el niño tiene que luchar con la burocracia de la escuela, la actitud insensible de la administración, las difíciles condiciones geográficas del lugar donde viven y muchos otros problemas.",/movies_images/mi-mejor-amigo.jpg,https://www.youtube.com/embed/KayTHw7kXbQ,"Samet Yıldız,Ekin Koç,Mahir İpek,Nurullah Alaca",Ferit Karahan,"Ferit Karahan,Gülistan Acet"
"Dios mío, ¿pero qué te hemos hecho... ahora?",2019/12/19,99,,14,"Tras ver a sus hijas casarse con un musulmán, un judío, un chino y un africano, Claude (Christian Clavier) y Marie Verneuil (Chantal Lauby) se enfrentan a una nueva crisis. Sus cuatro yernos, Rachid (Medi Sadoun), David (Ary Abittan), Chao (Frédéric Chau) y Charles (Noom Diawara), están decididos a abandonar Francia con sus esposas e hijos para probar fortuna en el extranjero. Incapaces de imaginar a su familia lejos de ellos, Claude y Marie harán todo lo posible para retenerlos. Esta comedia es la secuela de la exitosa película Dios mío, ¿pero qué te hemos hecho? (2014), que vuelve a dirigir Philippe de Chauveron.",/movies_images/dios-mo-pero-qu-te-hemos-hecho...-ahora.jpg,https://www.youtube.com/embed/cH5LIPDjyXQ,"Christian Clavier,Chantal Lauby,Ary Abittan,Medi Sadoun",Philippe de Chauveron,"Philippe de Chauveron,Guy Laurent,Guy Laurent,Philippe de Chauveron,Philippe de Chauveron,Guy Laurent"
Centauro,2022/06/15,89,,"2,6","La acción sigue a Rafa, un adicto a las emociones fuertes. De ahí que haya decidido luchar por iniciar una carrera como piloto profesional de&amp;nbsp;motociclismo. Sin embargo, el sueño de Rafa se paraliza cuando&amp;nbsp;descubra que la madre de su hijo tiene una deuda con unos narcotraficantes. Para poder salvar a su mujer y proteger a su familia, el protagonista pondrá a disposición de este grupo criminal sus dotes como corredor.",/movies_images/centauro.jpg,https://www.youtube.com/embed/p8CXKceGvAo,"Àlex Monner,Begoña Vargas,Carlos Bardem",Daniel Calparsoro,"Guillaume Lemans,Simon Moutaïrou,Yann Gozlan,Jérémie Guez"
La Lego película,2014/02/07,100,,"4,9","Emmet, el protagonista de la película, trabaja como constructor en la ciudad Lego, pero sus conocimientos de construcción no van más allá de colocar las fichas atendiendo pormenorizadamente las instrucciones de edificación. Sin embargo, sin saber cómo ni por qué, Emmet es confundido con un &quot;MasterBuilder&quot; e introducido como cabecilla de una misión que tiene por objetivo evitar que un malvado acabe con la ciudad de bloques. Por suerte, los habitantes de tan atípico lugar no están solos. Los mismísimos Superman y Batman han tomado la forma de muñecos Lego para tomar parte de esta gran aventura. El actor Chris Pratt pone voz al personaje principal del film, Emmet. Por su parte, Will Arnet interpreta a Batman y Channing Tatum es Superman. Participan también en el proyecto Morgan Freeman, dando voz a un personaje llamado Vitruvio, y Elizabeth Banks.",/movies_images/la-lego-pelcula.jpg,https://www.youtube.com/embed/1qhm19E452s,,"Phil Lord,Christopher Miller","Christopher Miller,Phil Lord"
Cry-Baby (El lágrima),1990/10/05,85,,"10,15","Baltimore, años 50. Dos grupos enfrentados: los &quot;Drapes&quot; y los &quot;Squares&quot;. Wade Walker (de los &quot;Drapes&quot;), apodado Cry-Baby o &quot;El lágrima&quot;, es un chico malo y rebelde que trata de aparentar más de lo que realmente es. Su vida cambia cuando se enamora de Allison Vernon-Williams (perteneciente a los &quot;Squares&quot;), una compañera de instituto guapa, rica, respetable y buena. Características totalmente contrarias a las suyas. Wade, acabará dándose cuenta de que su pasión por hacer lo incorrecto y actuar de malas formas le puede llevar a presenciar situaciones trágicas e irreparables.",/movies_images/crybaby-el-lgrima.jpg,https://www.youtube.com/embed/x0tlIJ6-ocM,"Johnny Depp,Amy Locane,Susan Tyrrell,Polly Bergen",John Waters,John Waters
¿Quién puede matar a un niño?,1976/04/26,112,,"1,8","Segundo y último largometraje del cineasta Narciso Ibáñez Serrador después de 'La residencia'. '¿Quién puede matar a un niño?' es una inquietante película ambientada en la novela 'El juego de los niños', escrita por Juan José Plans.Tom y Evelyn son una pareja de extranjeros que viajan a la costa española para pasar unos días de vacaciones. Su plan es dedicarse a navegar y encontrar la tranquilidad, ya que Evelyn está embarazada. Un día alquilan una barca para visitar la isla Almanzora, un lugar que Tom había visitado cuando aún era pequeño. Al llegar allí se encuentran con un extraño ambiente. En la isla no vive ningún adulto, sólo ven niños y locales completamente abandonados. Pronto descubrirán que esos niños perdieron su inocencia mucho tiempo atrás y que la isla guarda un horrible secreto para cualquier adulto que se atreva a visitarla.",/movies_images/quin-puede-matar-a-un-nio.jpg,https://www.youtube.com/embed/L77eOCmTK8w,"Lewis Fiander,Prunella Ransome,Luis Ciges,Miguel Narros",Narciso Ibáñez Serrador,"Narciso Ibáñez Serrador,Juan José Plans"
Un nuevo mundo,2022/05/13,96,,5,"Philippe Lemesle y su mujer se están separando, su amor está irremediablemente dañado por las presiones del trabajo como directivo de él. Ejecutivo de éxito en un conglomerado industrial, Philippe ya no sabe cómo responder a las exigencias contradictorias de sus jefes. Ayer querían un gestor, hoy un ejecutor. Ahora debe decidir qué significa realmente su vida: si su familia o su empleo.",/movies_images/un-nuevo-mundo.jpg,https://www.youtube.com/embed/OSmu4PDci7Y,"Vincent Lindon,Sandrine Kiberlain,Anthony Bajon,Guillaume Draux",Stéphane Brizé,"Stéphane Brizé,Oliver Gorce"
Misión: Imposible,1996/06/28,110,,"23,1","Los miembros de un comando de la CIA son enviados a Praga con la misión de capturar, durante una recepción en la embajada americana, a un espía enemigo que se dispone a robar un disco que contiene una lista secreta de agentes de Europa central. Lo único que ignoran es que la CIA, convencida de que en el comando hay un topo infiltrado, ha enviado un segundo equipo con la misión de corroborar que todo ocurre según lo previsto y detener cuanto antes al detective que está tratando de hundir su organización.Se trata de la primera entrega de la famosa pentalogía basada en la serie homónima de televisión de los años sesenta y setenta, con Tom Cruise ('Oblivion', 'Al filo del mañana') en el papel del superespía Ethan Hunt, Kristin Scott Thomas&amp;nbsp;como la agente Sarah Davies, Jon Voight, que interpreta a Jim Phelps y con Jean Reno, que da vida a Franz Krieger. Brian de Palma ('La dalia negra', 'Passion') es el encargado de dirigir este largometraje que se convirtió en referencia del cine de espías en los años noventa.",/movies_images/misin-imposible.jpg,https://www.youtube.com/embed/6jYY4-bKhmw,"Tom Cruise,Jean Reno,Jon Voight,Emmanuelle Béart",Brian De Palma,"David Koepp,Robert Towne,Steven Zaillian,Bruce Geller,Bruce Geller"
Delitos y faltas,1990/04/06,104,,10,"El Doctor Judah Rosenthal (Martin Landau) es un exitoso oftalmólogo, con una familia que le adora y una reputación buenísima en el trabajo debido a su generosa caridad. Pero el doctor guarda un secreto: tiene una amante, Dolores (Anjelica Huston, 'El gran año'). Lo que comenzó como una aventura ocasional se convierte en algo más serio y en su intento de romper la relación, Dolores amenaza con contar su infidelidad a su esposa y desvelar algunos de los arreglos financieros poco ortodoxos que ha llevado a cabo con sus compañeros de profesión. Con miedo de que Dolores cuente su infidelidad, Judah le confiesa su secreto a su hermano Jack (Jerry Orbach, actor en la serie 'Ley y orden'), quien tiene vínculos con el crimen organizado y se ofrece a hacer que el problema desaparezca. Mientras tanto, Cliff Stern (Woody Allen, 'A Roma con amor') es un director de cine que está trabajando en un proyecto personal: un documental sobre el filósofo Lous Levy (Martin Bergmann, 'La lista de Schindler'). Pero, por desgracia, los documentales sobre filósofos no pagan el alquiler de la casa, así que su esposa, Wendy Cliff (Joanna Gleason, 'Mi segunda vez') le encarga que haga una película para la televisión pública sobre su hermano Lester (Alan Alda, 'Sácame del paraíso'), un famoso comediante al que Cliff desprecia. Mientras intenta terminar lo antes posible de filmar la película, Cliff se enamora de una productora llamada Halley Reed (Mia Farrow, 'Arthur y la guerra de los mundos').",/movies_images/delitos-y-faltas.jpg,https://www.youtube.com/embed/kahe6Jshp0I,"Anjelica Huston,Woody Allen,Mia Farrow,Claire Bloom",Woody Allen,Woody Allen
Go Fish: Salvemos el mar,2022/04/29,75,,"9,4","Toda su vida, el audaz pececillo Alex ha soñado con ser un héroe. Para lograrlo, tiene su oportunidad cuando una misteriosa inundación de petróleo entra en erupción cerca de su arrecife de coral. Mientras él y sus amigos (un caballito de mar, una anguila y un pez globo) nadan para enfrentarse a la amenaza y salvar su habitat, encontrarán a un barco hundido con un tesoro escondido, un avión abandonado y hasta un volcán submarino.",/movies_images/go-fish-salvemos-el-mar.jpg,https://www.youtube.com/embed/ZamWB27oSaw,,Sean Patrick O'Reilly,Sean Patrick O'Reilly
Las aventuras de Pil,2022/04/13,89,,"9,4,2,8","Pil, un pequeño huérfano, vive en la calle junto sus tres comadrejas domesticadas. Sobrevive yendo a robar comida del castillo de la siniestra regente Tristain, que ha usurpado el trono. Un buen día, para escapar de los guardias que la persiguen, Pil se disfraza poniéndose un vestido de princesa. De esta manera, se verá embarcada en una loca y delirante búsqueda para salvar a Roland: el heredero al trono, víctima de un encantamiento y transformado un ser mitad gato, mitad gallina.",/movies_images/las-aventuras-de-pil.jpg,https://www.youtube.com/embed/vZ4k8qjQfgQ,,Julien Fournet,Julien Fournet
Memoria,2022/05/27,136,,5,"Un&amp;nbsp;desconcertante drama sobre una mujer escocesa que, después de escuchar un fuerte 'bang' al amanecer, comienza a experimentar un misterioso síndrome sensorial mientras atraviesa las selvas de Colombia.",/movies_images/memoria.jpg,https://www.youtube.com/embed/zyVe11x5y9o,"Tilda Swinton,Elkin Díaz,Jeanne Balibar,Juan Pablo Urrego",Apichatpong Weerasethakul,Apichatpong Weerasethakul
"Quo Vadis, Aida?",2021/05/07,104,,"5,18,17","Bosnia, julio de 1995. Aida trabaja de traductora para la ONU en la pequeña ciudad de Srebrenica. Cuando el ejército serbio ocupa el pueblo, su familia está entre las miles de personas que buscan refugio en los campos de la ONU. Como participa en las negociaciones, Aida tiene acceso a información importante. ¿Qué le pasará a su familia y su gente? ¿Serán rescatados o morirán? ¿Qué debería hacer ella al respecto?",/movies_images/quo-vadis-aida.jpg,https://www.youtube.com/embed/ErLD8P4VUjY,"Jasna Đuričić,Izudin Bajrovic,Boris Ler,Dino Bajrovic",Jasmila Žbanić,Jasmila Žbanić
La guerra de los niños,1980/12/19,86,,"14,22","Nos hallamos en un pequeño colegio de barrio, cuando Don Matías, su dueño y propietario, anuncia el cierre debido a varias deudas. Los cinco niños protagonistas se pondrán manos a la obra y con la ayuda de Superman, el perro de Don Matías, decidirán luchar contra la inmobiliaria que amenaza la existencia de la escuela. Pero primero deben elegir un jefe por lo que todos deberán pasar una prueba de valentía. Los niños empiezan a hacer una serie de gamberradas y trastadas que sabotearan los planes de la inmobiliaria, pero los desaprensivos jefes de ésta, no se dan por vencidos. Finalmente, los cinco niños y Superman, deciden secuestrar a Don Atilio, el dueño de la empresa, para así conseguir ser escuchados.",/movies_images/la-guerra-de-los-nios.jpg,https://www.youtube.com/embed/lzU6QQrF7ZU,"Manuel Alexandre,Mari Carmen Alvarado,José Luis Barceló,Constantino Fernández &#039;Tino&#039;",Javier Aguirre,
Peter Rabbit 2: A la fuga,2021/07/16,93,,"14,4,19","Regresa el travieso y aventurero Peter Rabbit junto con el resto de sus compañeros animales. En esta segunda entrega, Bea (Rose Byrne) y Thomas McGregor (Domhnall Gleeson) se han casado. Aunque Peter Rabbit y Thomas antes eran auténticos enemigos, ahora se han hecho muy amigos. Eso sí, a pesar de haber logrado crear una familia improvisada, el rebelde conejo tendrá sus diferencias con McGregor y seguirá causando problemas. Por eso, decidirá marcharse solo, más allá del jardín en el que siempre ha vivido. Allí, conocerá a un nuevo conejo que fue amigo de su padre, y tendrá que decidir qué tipo de conejo quiere ser. Película mezcla de imagen real y animación basada en los personajes creados por la novelista infantil Beatrix Potter.",/movies_images/peter-rabbit-2-a-la-fuga.jpg,https://www.youtube.com/embed/PhgrpI9vj34,"Rose Byrne,Domhnall Gleeson,David Oyelowo,Tara Morice",Will Gluck,"Will Gluck,Patrick Burleigh"
Compartimento Nº 6,2022/04/13,102,,"5,14",Una joven finlandesa deja atrás una tediosa relación amorosa en Moscú cuando se sube a un tren rumbo al al puerto ártico de Murmansk. Durante el trayecto debe compartir el diminuto vagón donde se hospeda junto a un minero ruso. Este inesperado encuentro pone a prueba la necesidad y anhelo del amor y el afecto humano de los ocupantes del compartimento nº 6.,/movies_images/compartimento-n-6.jpg,https://www.youtube.com/embed/ZlaFkfnq4_g,"Yuriy Borisov,Dinara Drukarova,Yuliya Aug,Galina Petrova",Juho Kuosmanen,"Juho Kuosmanen,Rosa Liksom"
La conferencia,2022/05/13,112,,"5,17","El 20 de enero de 1942 en un palacete de Wannsee (Berlín), tuvo lugar una conferencia que -en sus apenas hora y media- cambió el rumbo de la historia. Ese día, Reinhard Heyndrich, máximo responsable de la Oficina Central de Seguridad del Reich y mano derecha de Himmler (jefe de las SS), convocó a un grupo de altos cargos nazis para explicarles y lograr su aprobación de la llamada &quot;Solución final sobre la cuestión judía&quot;. En aquella reunión se estableció un plan sistemático para la detención, aprisionamiento y la eliminación de toda la población judía europea, unos once millones de personas. Asimismo se perfiló un método de exterminio masivo basado en modelos de eficiencia industrial.",/movies_images/la-conferencia.jpg,https://www.youtube.com/embed/ZB7I8b8ULd8,"Johannes Allmayer,Maximilian Brückner,Matthias Bundschuh,Fabian Busch",Matti Geschonneck,Magnus Vattrodt
Para Chiara,2022/04/01,121,,5,"La familia Guerrasio y sus amigos se reúnen para celebrar el dieciocho cumpleaños de la hija mayor de Claudio y Carmela. Existe una sana rivalidad entre la cumpleañera y su hermana Chiara, de 16 años, mientras compiten en la pista de baile. Es una ocasión feliz y la familia está unida y en plena forma. Sin embargo, todo cambia al día siguiente cuando Claudio desaparece. Chiara comienza a investigar: a medida que se acerca a la verdad se ve obligada a decidir qué tipo de futuro quiere para ella.",/movies_images/para-chiara.jpg,https://www.youtube.com/embed/zozdzlyO-So,"Swamy Rotolo,Claudio Rotolo,Carmela Fumo,Antonina Fumo",Jonas Carpignano,Jonas Carpignano
La vampira de Barcelona,2020/12/04,106,,"3,5","Enriqueta Martí (Nora Navas) pasó a la historia como 'la vampira de Barcelona' cuando se difundió en los medios que era la responsable de múltiples raptos y asesinatos de niños con los que creaba ungüentos. En verdad, Enriqueta era una prostituta que deseaba ser madre más que nada en la vida y fue culpable del secuestro de Teresina Guitart, una niña de una familia adinerada de Barcelona. Pero los periódicos de la época y la policía se encargaron de hacer creer a la población de que ella era la auténtica culpable de las múltiples desapariciones de niños en la zona, encubriendo a los auténticos culpables.",/movies_images/la-vampira-de-barcelona.jpg,https://www.youtube.com/embed/tKFRqMynrXQ,"Nora Navas,Roger Casamajor,Bruna Cusí,Sergi López",Lluis Danès,Maria Jaén
Titane,2021/10/08,108,,"3,1","Adrien Legrand vuelve a dar señales de vida desde que desapareciera hace diez años. El niño, con la cara magullada y con signos de violencia&amp;nbsp;es descubierto misteriosamente en un aeropuerto. Para su padre, Vincent, esto supone el final de una larga pesadilla de la que aún no ha llegado a recuperarse. Juntos regresan a casa, sin embargo, tras el regreso de Adrien comienzan a tener lugar una serie de crueles asesinatos en la zona.",/movies_images/titane.jpg,https://www.youtube.com/embed/VANuVVduOAQ,"Vincent Lindon,Agathe Rousselle,Garance Marillier,Myriem Akheddiou",Julia Ducournau,Julia Ducournau
No dormirás,2018/06/15,106,,1,"En un hospital psiquiátrico abandonado, un grupo de teatro radical experimenta con el insomnio para preparar el montaje de su próxima obra. &amp;nbsp;Con el paso de los días sin dormir, alcanzan nuevos umbrales de percepción que los enfrentan a energías e historias ocultas en ese antiguo hospital donde se albergan. Pero cuando Bianca (Eva De Dominici), una joven promesa, se incorpora al elenco compitiendo por el papel principal, deberá sobrevivir no solo a la intensidad del trabajo, también a una fuerza desconocida que la empuja, como a los demás, a un trágico desenlace.Gustavo Hernandez (La casa muda) dirige este largometraje que protagonizan Belén Rueda (El cuaderno de Sara), Natalia de Molina (Quién te cantará), Eva de Dominici (Bad Water), Germán Palacios (Los últimos), Eugenia Tobal (Güelcom) y Juan Manuel Guilera (Chicos Católicos Apostólicos y Romanos #themovie).",/movies_images/no-dormirs.jpg,https://www.youtube.com/embed/WUPbg8r2CII,"Eva de Dominici,Belén Rueda,Natalia de Molina,Susana Hornos",Gustavo Hernandez,Juma Fodde
El informe Auschwitz,2021/03/19,94,,"17,5","Alfred y Rudolf son dos jóvenes judíos eslovacos que fueron enviados a los campos de concentración de Auschwitz en 1942. Tras más de un año de planificar meticulosamente un plan de huída, gracias al apoyo incondicional del resto de prisioneros, el 10 de abril de 1944 los dos amigos consiguen escapar. Su objetivo es regresar a su país natal y narrar todo lo acontecido en los campos de concentración y la masacre que se está realizando en aquel lugar. Juntos emprenderán un viaje lleno de penurias; desde evitar a las tropas nazis, sumergirse en túneles subterráneos hasta sobrevivir ante el hostil paraje de las montañas eslovacas. Pero, lo que no imaginarían es que iba a haber algo más imposible que regresar a casa;&amp;nbsp;la credibilidad de sus palabras. Nadie quiere creer la atrocidad que estos dos jóvenes cuentan.",/movies_images/el-informe-auschwitz.jpg,https://www.youtube.com/embed/W75XrR2Tu8U,"Noël Czuczor,John Hannah,Wojciech Mecwaldowski,Jacek Beler",Peter Bebjak,Peter Bebjak
Camila saldrá esta noche,2022/06/24,103,,5,Camila se ve obligada a mudarse a Buenos Aires cuando su abuela enferma gravemente. Deja atrás a sus amigos y una escuela secundaria pública liberal por una institución privada tradicional. El temperamento feroz pero prematuro de Camila se pone a prueba.,/movies_images/camila-saldr-esta-noche.jpg,https://www.youtube.com/embed/me0Me12pyLA,,Inés María Barrionuevo,Inés María Barrionuevo
Verano 1993,2017/06/30,98,,5,"Frida (Laia Artigas) es una niña de seis años que acaba de perder a su madre. Este es el primer verano que tendrá que pasar sin su compañía. En un aislado entorno rural cerca de Barcelona, la niña vivirá con sus tíos Esteve (David Verdaguer) y Marga (Bruna Cusi), además de con su encantadora prima Anna (Paula Robles). Los abuelos y amigos de la familia la visitan algunos fines de semana, pero la protagonista, sin entender demasiado lo que ocurre, deberá enfrentar en el día a día una nueva realidad.Verano 1993 es el debut tras la cámara de Carla Simón, que escribe y dirige esta película basada en su propia experiencia personal. El filme lo protagonizan Bruna Cusí (Incierta gloria, Polseres vermelles), David Verdaguer (No culpes al karma de lo que te pasa por gilipollas, La embajada) y las niñas Paula Robles y Laia Artigas, en el papel de Frida.",/movies_images/verano-1993.jpg,https://www.youtube.com/embed/C0u2EggflEQ,"Laia Artigas,Paula Robles,Bruna Cusí,David Verdaguer",Carla Simón,Carla Simón
Sonic. La película,2020/02/14,99,,"4,19","Sonic, el famoso erizo azul de SEGA vivirá su primera aventura en la pantalla grande en esta película, que incluirá tanto acción real como animación creada por ordenador. En esta adaptación cinematográfica basada en la conocida saga de videojuegos descubriremos a su protagonista: Sonic, el erizo con la habilidad de correr a la velocidad del sonido. En esta nueva aventura, el erizo azul deberá viajar hasta nuestro mundo para poder salvar el suyo. En su misión no estará solo, pues contará con la ayuda de su amigo humano Tom Wachowski (James Marsden), con quien intentará escapar del gobierno que quiere capturarlo, además de huir de las artimañas del villano Doctor Ivo Robonik (Jim Carrey).",/movies_images/sonic.-la-pelcula.jpg,https://www.youtube.com/embed/Mw64Q2bUCGo,"Jim Carrey,James Marsden,Tika Sumpter,Neal McDonough",Jeff Fowler,"Patrick Casey,Josh Miller (LVIII)"
Tres mil años esperándote,2022/09/02,108,,"11,8","La Dra. en literatura Alithea Binnie (Tilda Swinton) tiene una apacible vida aunque mira a su alrededor con cierto escepticismo. Por arte de magia, despierta a un genio (Idris Elba) que ofrece concederle tres deseos a cambio de su libertad. Al principio, Alithea declina la oferta ya que sabe que todos los cuentos sobre conceder deseos no terminan como uno desea. El genio defiende su posición contándole diversas historias fantásticas de su pasado. Finalmente, ella se deja llevar y pedirá un deseo que sorprenderá a los dos.",/movies_images/tres-mil-aos-esperndote.jpg,https://www.youtube.com/embed/TWGvntl9itE,"Tilda Swinton,Idris Elba,Lachy Hulme,Megan Gale",George Miller,George Miller
Capitán Nova,2022/07/01,86,,"4,12,19","Una experimentada piloto viaja al pasado para intentar evitar un desastre medioambiental que ha asolado el planeta. Desgraciadamente, al viajar en el tiempo, también rejuvenece y nadie parece tomarla en serio por su aspecto infantil.",/movies_images/capitn-nova.jpg,https://www.youtube.com/embed/Sv8_5qEtL1I,"Anniek Pheifer,Kika van de Vijver,Marouane Meftah,Hannah Van Lunteren",Maurice Trouwborst,"Maurice Trouwborst,Lotte Tabbers"
Pig,2022/07/15,91,,"1,5","Rob ha dejado su pasado atrás. Ahora vive en los salvajes bosques de Oregón, junto a un pequeño cerdo cazador de trufas. Juntos llevan una vida de lo más rutinaria y normal, salen al bosque encuentran trufas y viven alejados del mundanal ruido en una pequeña cabaña. Sin embargo, un día Rob es atacado y cuando despierta se da cuenta de que se han llevado a su cerdo. El protagonista deberá regresar a Portland para seguir la pista de los agresores.&amp;nbsp;",/movies_images/pig.jpg,https://www.youtube.com/embed/AZJIWnaC2Xs,"Nicolas Cage,Alex Wolff,Adam Arkin,Julia Bray",Michael Sarnoski,"Michael Sarnoski,Vanessa Curtis Block"
The Deer King (El rey ciervo),2022/06/09,114,,"9,5","En los años posteriores a una guerra feroz, el Imperio de Zol ahora controla la tierra y a los ciudadanos de Aquafa, a excepción del Territorio del Caballo de Fuego de Aquafa (donde los perros salvajes que alguna vez llevaron la letal Fiebre del Lobo Negro continúan vagando libres). Cuando una manada de perros corre a través de una mina controlada por Zol, Van -un ex soldado esclavizado- y una joven llamada Yuna son mordidos por los peligrosos animales, pero logran escapar como los únicos supervivientes del ataque. Finalmente libres, Van y Yuna buscan una existencia sencilla y pacífica en el campo. Pero a medida que la enfermedad mortal vuelve a descontrolarse, se encuentran en la encrucijada de una lucha mucho más grande que cualquier otra nación.",/movies_images/the-deer-king-el-rey-ciervo.jpg,https://www.youtube.com/embed/phL9y-RFdCc,,"Masashi Ando,Masayuki Miyaji",Taku Kishimoto
El test,2022/09/02,105,,"14,5","Adaptación cinematográfica por Dani de la orden de la obra de teatro homónima. La trama sigue a un grupo de personas que deben elegir entre conseguir 100.000 euros inmediatamente o un millón, dentro de 10 años.&amp;nbsp;",/movies_images/el-test.jpg,https://www.youtube.com/embed/aFdwo_J2AQk,"Antonia San Juan,Blanca Suárez,Miren Ibarguren,Antonio Resines",Dani de la Orden,"Jordi Vallejo,Jordi Vallejo"
La cabeza de la araña,2022/06/17,106,,"12,2","Este filme, ambientado en un futuro próximo, gira en torno a dos convictos que se encuentran retenidos en unas instalaciones científicas en las que un doctor experimenta con potentes drogas capaces de alterar las emociones. A cambio de reducir su condena, los presos se ofrecen como conejillos de indias de esos estudios médicos.&amp;nbsp;El largometraje, dirigido por Joseph Kosinski, es una adaptación del cuento&amp;nbsp;Escape from spiderhead&amp;nbsp;de George Saunders.",/movies_images/la-cabeza-de-la-araa.jpg,https://www.youtube.com/embed/xmRmYb1IxPY,"Chris Hemsworth,Jurnee Smollett,Miles Teller,Tess Haubrich",Joseph Kosinski,"Rhett Reese,Paul Wernick,George Saunders"
Diarios de Otsoga,2022/06/03,98,,"14,5","Crista, Carloto y João están construyendo un invernadero para mariposas en el jardín de una casa de campo y, mientras tanto, comparten rutinas del hogar, día tras día. Poco a poco se inserta el fuera de campo dentro de la historia, y directores y equipo técnico entran en el plano para conversar acerca de lo que significa rodar en medio de una pandemia. Así se sucede este diario luminoso entre espacios abiertos, baile y membrillo. La película fue presentada en la Quincena de Realizadores del Festival de Cannes y seleccionada en festivales como Mar del Plata, el Festival de Sevilla y Márgenes, donde Miguel Gomes recibió el Premio Especial Márgenes.",/movies_images/diarios-de-otsoga.jpg,https://www.youtube.com/embed/_f8r5CtrbBQ,"Crista Alfaiate,Carloto Cotta,João Nunes Monteiro,Isabel Cardoso","Miguel Gomes,Maureen Fazendeiro","Mariana Ricardo,Maureen Fazendeiro,Miguel Gomes"
El perdón,2022/06/03,106,,5,"La vida de Mina da un giro cuando tiene conocimiento de que su esposo Babak era inocente del crimen por el que fue ejecutado. Las autoridades se disculpan por el error y ofrecen una compensación económica. Entonces Mina comienza una guerra contra un sistema cínico por su propio bien y el de su hija. Justo cuando se le acaba el dinero, un extraño llamado Reza llama a su puerta y le dice que ha venido a pagar una deuda que tenía con Babak. Mina se siente aliviada, pero cada vez deja entrar a Reza más en su vida, sin darse cuenta del secreto que los une.",/movies_images/el-perdn.jpg,https://www.youtube.com/embed/FU2vqh-i0ho,"Maryam Moghadam,Alireza Sani Far,Pouria Rahimi,Avin Poor Raoufi","Maryam Moghadam,Behtash Sanaeeha","Maryam Moghadam,Behtash Sanaeeha,Mehrdad Kouroshniya"
El secreto de Vicky,2022/04/29,83,,"4,19","Stéphane decide trasladarse a las hermosas montañas de Cantal para reencontrarse con Victoria: su hija de 8 años, que ha permanecido en silencio desde la desaparición de su madre. Durante un paseo por el bosque, un pastor le entrega a la niña un cachorro llamado Misterio, al que comenzará a criar. Pero pronto, Stéphane descubre que el animal no es un perro, sino que en realidad es un lobo. A pesar de las advertencias y el peligro de esta situación, no se atreve a separar a su hija de este pequeño animal aparentemente inofensiva.",/movies_images/el-secreto-de-vicky.jpg,https://www.youtube.com/embed/cJS3eFV-v68,"Vincent Elbaz,Shanna Keil,Marie Gillain,Eric Elmosnino",Denis Imbert,"Denis Imbert,Mathieu Oullion,Mathieu Oullion,Mathieu Oullion"
El milagro del padre Stu,2022/05/13,124,,"5,13","Cuando una lesión pone fin a su carrera como boxeador, Stuart Long (Mark Wahlberg) se traslada a Los Ángeles soñando con triunfar. Mientras se gana la vida como dependiente de un supermercado, conoce a Carmen (Teresa Ruiz), una profesora católica que parece inmune a su encanto de chico malo. Decidido a conquistarla, el agnóstico empieza a ir a la iglesia para impresionarla. Pero, al sobrevivir a un terrible accidente de moto se pregunta si puede utilizar su segunda oportunidad para ayudar a otros a encontrar su camino: lo que le lleva a darse cuenta de que está destinado a ser un sacerdote católico. A pesar de una devastadora crisis de salud y del escepticismo de las autoridades eclesiásticas y de sus distanciados padres (Mel Gibson y Jacki Weaver), Stu persigue su vocación con valor y compasión, inspirando no sólo a sus allegados sino a innumerables personas en el camino.",/movies_images/el-milagro-del-padre-stu.jpg,https://www.youtube.com/embed/8qDJXJctjG8,"Mark Wahlberg,Mel Gibson,Jacki Weaver,Teresa Ruiz",Rosalind Ross,Rosalind Ross
Mentes maravillosas,2022/05/13,92,,"5,14","Louis es un funerario, soltero empedernido, que vive dedicado a su trabajo. Por azares del destino, se cruzará con Igor, un chico minusválido a causa de una parálisis cerebral. Igor reparte verduras ecológicas mientras pasa su tiempo libre leyendo a Sócrates, Nietzsche y Spinoza. Juntos emprenderán un viaje en el coche fúnebre de Louis para transportar el cuerpo de una difunta al lugar donde debe ser enterrada. En este recorrido salpicado de encuentros, Louis e Igor irán conquistando la libertad sobre la mirada de los demás y aprendiendo a amar la vida tal y como llega.",/movies_images/mentes-maravillosas.jpg,https://www.youtube.com/embed/JvKFVauvK3M,"Bernard Campan,Alexandre Jollien,Tiphaine Daviot,Julie-Anne Roth","Bernard Campan,Alexandre Jollien","Hélène Grémillon,Alexandre Jollien,Bernard Campan"
Sundown,2022/05/27,83,,"5,1","Neil se encuentra de viaje de vacaciones en Acapulco con su hermana Allison y sus dos hijos. Todo parece marchar correctamente hasta que inesperadamente aparece un viejo amigo que altera el orden familiar, irrumpiendo en la plácida desconexión.",/movies_images/sundown.jpg,https://www.youtube.com/embed/mhb3brigyck,"Tim Roth,Charlotte Gainsbourg,Iazua Larios,Henry Goodman",Michel Franco,
Alcarràs,2022/04/29,120,,5,"Como cada caluroso verano en Alcarrás, el pueblo destaca por la gran cosecha de melocotones que consiguen sus habitantes. Para la familia Solé, sin embargo, las cosas han cambiado este año. Un día, los integrantes de esta familia se despiertan para descubrir que algunos tractores están arrancando sus árboles. Tras la partida del patriarca de la familia, el acuerdo que tenía con el antiguo propietario de la tierra podría estar desactualizado. Ante esta amenaza, tanto los niños como los adultos Solé se reunirán para cosechar sus melocotones por última vez.",/movies_images/alcarrs.jpg,https://www.youtube.com/embed/f_mr7BVLVO8,"Jordi Pujol Dolcet,Anna Otín,Berta Pipó,Xenia Roset",Carla Simón,"Carla Simón,Arnau Vilaró"
Maigret,2022/05/27,88,,6,"Paris, años 50: el cadáver de una chica vestida con un elegante traje de noche aparece en mitad de una plaza. El célebre inspector Jules Maigret se encarga de investigar el caso, pero le resulta imposible identificar a la víctima, ya que nadie parece haberla conocido ni recordarla. En el transcurso de sus pesquisas, el camino de Maigret se cruza con el de Betty, una joven delincuente con un parecido sorprendente con la víctima. Todo ello despierta en Maigret el recuerdo de otra desaparición mucho más antigua y personal.",/movies_images/maigret.jpg,https://www.youtube.com/embed/nxuvN-X1BvQ,"Gérard Depardieu,Jade Labeste,Mélanie Bernier,Aurore Clément",Patrice Leconte,"Jérôme Tonnerre,Patrice Leconte,Georges Simenon,Jérôme Tonnerre"
Ojos de fuego,2022/05/13,94,,"1,8",Andy (Zac Efron) y Vicky (Sydney Lemmon) llevan más de diez años escapando en un intento desesperado por esconder a su hija Charlie (Ryan Kiera Armstrong) de manos de una siniestra agencia estadounidense empeñada en aprovechar su increíble don para convertir el fuego en un arma de destrucción masiva. Película inspirada en la novela homónima de Stephen King.,/movies_images/ojos-de-fuego.jpg,https://www.youtube.com/embed/GkUTq5Ui6DA,"Zac Efron,Ryan Kiera Armstrong,Sydney Lemmon,Michael Greyeyes",Keith Thomas (II),"Scott Teems,Stephen King"
Downton Abbey: Una nueva era,2022/04/29,126,,"5,17","En la primera película, la familia Crawley y el personal de Downton recibían la visita oficial del rey y la reina de Inglaterra, ocasión que culminaba con un baile a la altura de la familia real. El reparto original volverá de nuevo a reunirse para esta segunda entrega. Además, Hugh Dancy, Laura Haddock, Nathalie Baye y Dominic West se unirán a los habituales protagonistas en esta entrega. El ganador de un Oscar Julian Fellowes, creador de la serie, vuelve a encargarse del guion, mientras que el ganador de un Emmy y varios Premios BAFTA Gareth Neame y la ganadora de un Emmy Liz Trubridge se ocuparán de la producción junto con el propio Fellowes. El director Simon Curtis (Mi semana con Marilyn) se une al equipo de se pone a los mandos de la secuela.",/movies_images/downton-abbey-una-nueva-era.jpg,https://www.youtube.com/embed/LHZDzAq9yZ8,"Hugh Bonneville,Michelle Dockery,Elizabeth McGovern,Maggie Smith",Simon Curtis,Julian Fellowes
Ninjababy,2022/06/10,103,,"5,14","A los 23 años la vida de Rakel cambia cuando se entera, quizás demasiado tarde, de que está embarazada. Rakel es ilustradora y le encanta estar involucrada en diferentes proyectos, pero ¿criar a un bebé? Rakel debe enfrentarse a esa pregunta antes de lo esperado, y la sorpresa es doble: está de seis meses, por lo que no hay opción de abortar. Amante de la cerveza, las drogas y el sexo sin apegos, no tiene ningún interés en ser madre. Antes de tomar ninguna decisión, comienza a dibujar a su “ninjababy” que no le pondrá las cosas nada fáciles.",/movies_images/ninjababy.jpg,https://www.youtube.com/embed/CT_MFXHLzSY,"Kristine Kujath Thorp,Arthur Berning,Nader Khademi,Tora Christine Dietrichson",Yngvild Sve Flikke,"Yngvild Sve Flikke,Johan Fasting"
Fantasías de un escritor,2022/06/03,105,,"5,11","El filme presenta una sucesión de diálogos entre Philip, un novelista americano que se ha instalado en Londres durante un tiempo y varias mujeres: su amante, su esposa y otros personajes femeninos, algunas veces reales y otras ficticios. Se trata de una adaptación la novela Deception de Philip Roth.",/movies_images/fantasas-de-un-escritor.jpg,https://www.youtube.com/embed/gg0eGjsRAlM,"Denis Podalydès,Léa Seydoux,Emmanuelle Devos,Anouk Grinberg",Arnaud Desplechin,"Arnaud Desplechin,Julie Peyr,Philip Roth"
La estación de la felicidad,2021/04/21,102,,"11,14","Una mujer joven (Kristen&amp;nbsp;Stewart) pretende proponerle matrimonio a su novia (Mackenzie Davis) durante la fiesta anual de vacaciones de su familia. Sin embargo, sus planes se anulan cuando descubre que su pareja aún no les ha hablado a sus padres de su relación.&amp;nbsp;La nueva comedia romántica coescrita por Clea DuVall&amp;nbsp;y Mary Holland, y producida por TriStar Pictures y Temple Hill, aborda el controvertido tema de la homosexualidad y la aceptación familiar, dejando entrever esa necesidad de aprobación por parte de una de las protagonistas, que no se atreve a enfrentar el pensamiento retrógrado de sus progenitores.",/movies_images/la-estacin-de-la-felicidad.jpg,https://www.youtube.com/embed/CNV4dFepKAg,"Kristen Stewart,Mackenzie Davis,Mary Steenburgen,Victor Garber",Clea DuVall,"Clea DuVall,Mary Holland"
Marmaduke,2022/06/03,88,,"9,19,14,4","Un legendario entrenador de perros cree que puede ayudar a Marmaduke (con la voz del cómico&amp;nbsp;&amp;nbsp;Pete Davidson) a convertirse en el primer gran danés de la historia en ganar el trofeo de campeón del Westminster Dog Show (la principal competición canina de Gran Bretaña). Para lograrlo, tendrá que hacer frente a Zeus, (voz J.K. Simmons): un clásico perro de feria que no tiene escrúpulos para hacer lo que sea necesario para ganar.",/movies_images/marmaduke.jpg,https://www.youtube.com/embed/l9WIHY_pm5Y,,"Mark A.Z. Dippé,Matt Philip Whelan,Young-ki Lee,Phil Nibbelink",Byron Kavanagh
Garra,2022/06/03,117,,5,"Stanley es un famoso ojeador de baloncesto que se encuentra en horas bajas en su carrera profesional. Durante su estancia en España conoce a Bo Cruz, un talentoso jugador con un pasado algo difícil que vive a las afueras de Madrid. Contra todo pronóstico, Stanley encuentra sin saberlo su oportunidad perfecta para regresar a Los Ángeles y volver a formar parte de la NBA. Para ello, tratará de entrenar a su nuevo talento para poder conseguir lo que ambos esperan lograr.",/movies_images/garra.jpg,https://www.youtube.com/embed/lvRWUIUoaqU,"Adam Sandler,Juancho Hernangómez,Ben Foster,Robert Duvall",Jeremiah Zagar,Will Fetters
La isla de Bergman,2022/06/17,113,,"5,14,8,11","Un matrimonio estadounidense, ambos directores de cine&amp;nbsp;están trabajando en sus nuevas historias. Para encontrar la inspiración y escribir unos buenos guiones viajan hasta la Isla de Faro,aquella isla donde residía el famoso cineasta sueco. Un verano en el que sus historias ficticias se entrelazaran con su realidad&amp;nbsp;con el telón de fondo del paisaje salvaje de la Isla.",/movies_images/la-isla-de-bergman.jpg,https://www.youtube.com/embed/onAS6d9R62E,"Vicky Krieps,Tim Roth,Mia Wasikowska,Anders Danielsen Lie",Mia Hansen-Løve,Mia Hansen-Løve
La memoria de un asesino,2022/08/05,114,,"1,2","Alex Lewis (Liam Neeson) es un experimentado asesino con una gran reputación a sus espaldas. Planea retirarse pronto, pero se le asigna una última misión antes de que pueda cumplir su deseo. El objetivo es simple: matar una persona. Pero entonces descubre que su objetivo es una niña. Atrapado en un dilema moral, Alex se niega a completar un trabajo que viola su código ético y luego pide que se cancele el contrato. Sin embargo, descubre que la chica ha sido asesinada por otro profesional. Comenzará, entonces, un camino de venganza personal, mientras es asediado por un agente del FBI (al que da vida Guy Pearce).",/movies_images/la-memoria-de-un-asesino.jpg,https://www.youtube.com/embed/JS4exgCJSbw,"Liam Neeson,Guy Pearce,Monica Bellucci,Taj Atwal",Martin Campbell,"Dario Scardapane,Erik van Looy,Jef Geeraerts"
Interceptor,2022/06/03,96,,"1,2","Estados Unidos está a punto de ser destruida. Deciseis misiles nucleares han sido lanzados contra el país, y un violento ataque amenaza simultáneamente su remota estación interceptora de misiles, lo que dificulta que puedan ser destruidos antes de su colisión. Una teniente del ejército deberá utilizar su entrenamiento táctico y su experiencia militar para salvar a la humanidad.",/movies_images/interceptor.jpg,https://www.youtube.com/embed/SO-86QoQfDo,"Elsa Pataky,Luke Bracey,Aaron Glenane,Paul Caesar",Matthew Reilly,"Matthew Reilly,Stuart Beattie"
DC Liga de Supermascotas,2022/07/29,100,,"9,8,4,19","Película de animación protagonizada por las mascotas de los superhéroes de DC Cómics. Una pandilla que se dedica a la lucha contra el crimen mientras sus dueños, Superman, Batman, Aquaman, Linterna Verde y Wonder Woman, están de vacaciones. Este filme de Warner Bros. Animation es una adaptación a la gran pantalla de la serie de televisión Super-Pets del canal infantil Cartoon Network.",/movies_images/dc-liga-de-supermascotas.jpg,https://www.youtube.com/embed/SAhqhDLSNqk,,"Jared Stern,Sam Levine","Jared Stern,John Whittington (V),Jerry Siegel,Joe Shuster"
Mr. Wain,2022/06/09,111,,"13,5","Película nspirada en la historia real del británico Louis Wain, un artista, inventor y empresario, que movió cielo y tierra para cuidar de sus cinco hermanas y su madre. Su vida da un vuelco cuando conoce a Emily, el amor de su vida, y ambos adoptan a Peter, un gato callejero. La joven y el animal se convertirán tanto en su familia como en su inspiración para pintar las extraordinarias imágenes de felinos que lo hicieron mundialmente famoso y cambiaron nuestra forma de ver la vida para siempre.",/movies_images/mr.-wain.jpg,https://www.youtube.com/embed/Byc95z4jhCM,"Benedict Cumberbatch,Claire Foy,Andrea Riseborough,Toby Jones",Will Sharpe,Will Sharpe
Tenor,2022/06/09,100,,14,"Mientras tiene un trabajo precario como repartidor de sushi, Antoine (Mohamed Belkhir), un joven aspirante a cantante de hip hop de los bajos fondos de París, conoce a la Sra. Loiseau (Michèle Laroque), una eminente profesora de la Ópera parisina. Deslumbrada por el talento del joven, ella lo introduce en el mundo de la canto y le ofrece un puesto como alumno suyo.Temiendo que no le entiendan, Antoine, no dice nada a sus allegados, pero esta doble vida lo agobia. En algún lugar entre la dorada y encorsetada clase alta parisina y los duros suburbios en los que creció, Antoine tendrá que encontrar su propia voz.",/movies_images/tenor.jpg,https://www.youtube.com/embed/cAWDlTpcXsA,"Michèle Laroque,Guillaume Duhesme,Samir Decazza,Stéphane Debac",Claude Zidi Jr.,"Cyrille Droux,Raphaël Benoliel,Claude Zidi Jr."
El insoportable peso de un talento descomunal,2022/06/17,108,,"2,14","La historia sigue al actor Nicolas Cage, que está desesperado por conseguir un papel para una película de Quentin Tarantino. Además de eso, mantiene una relación muy tensa con su hija adolescente y está hasta arriba de deudas. Estas deudas le obligan a aparecer en la fiesta de cumpleaños de un multimillonario mexicano que es fanático del trabajo del actor en sus anteriores películas, con la intención de mostrarle un guion en el que ha estado trabajando.&amp;nbsp;Mientras se une con el hombre, la CIA le informa que el multimillonario es en realidad un capo del cartel de la droga que ha secuestrado a la hija de un candidato a la presidencia de México. Tras esto, es reclutado por el gobierno de Estados Unidos para obtener información.",/movies_images/el-insoportable-peso-de-un-talento-descomunal.jpg,https://www.youtube.com/embed/uSB5jsS-vDo,"Nicolas Cage,Pedro Pascal,Alessandra Mastronardi,Jacob Scipio",Tom Gormican,"Tom Gormican,Kevin Etten"
After. Amor infinito,2022/08/26,119,,"5,11","La relación de Tessa Young (Josephine Langford) y Hardin Scott (Hero Fiennes-Tiffin) ha pasado por muchas dificultades que, por otro lado, han conseguido que su unión y su amor se fortalezcan. Cuando la verdad sobre sus familias ha salido a la luz, ambos han descubierto que no son tan diferentes como pensaban. Tessa ya no es esa chica dulce y buena que llegó a la universidad, y Hardin ya no es el chico cruel del que se enamoró. Ella es la única persona capaz de compender, entender y calmar a Hardin, pero el secreto que esconde es tan grande que provoca que él se aleje de absolutamente todo. Incluso de su alma gemela.Esta última entrega de la saga está basada en la novela homónima escrita por Anna Todd.",/movies_images/after.-amor-infinito.jpg,https://www.youtube.com/embed/24_Q_F5PXjg,"Josephine Langford,Hero Fiennes Tiffin,Chance Perdomo,Stephen Moyer",Castille Landon,Anna Todd
Black Phone,2022/06/24,103,,"3,1","Un sádico asesino secuestra a Finney Shaw, un chico tímido e inteligente de 13 años, y le encierra en un sótano insonorizado donde de nada sirven sus gritos. Cuando un teléfono roto y sin conexión empieza a sonar, Finney descubre que a través de él puede oír las voces de las anteriores víctimas, las cuales están decididas a impedir que Finney acabe igual que ellas.",/movies_images/black-phone.jpg,https://www.youtube.com/embed/XhcEnHDKHco,"Mason Thames,Madeleine McGraw,Ethan Hawke,Jeremy Davies",Scott Derrickson,"Scott Derrickson,C. Robert Cargill,Joe Hill"
Elvis,2022/06/24,159,,"13,22","Filme biográfico en torno a la vida y la música de Elvis Presley (Austin Butler), enfocadas de su compleja relación con su misterioso agente: el coronel Tom Parker (Hanks). La película ahonda en la complicada dinámica entre Presley y Parker a lo largo de más de 20 años, desde el ascenso a la fama de Presley hasta su estrellato sin precedentes. Todo ello tras el telón de la evolución cultural y la madurez social en Estados Unidos. En el centro de ese viaje está una de las personas más importantes e influyentes en la vida de Elvis, Priscilla Presley (Olivia DeJonge).",/movies_images/elvis.jpg,https://www.youtube.com/embed/r5KmbYkCxJo,"Austin Butler,Tom Hanks,Olivia DeJonge,Helen Thomson",Baz Luhrmann,"Baz Luhrmann,Craig Pearce,Jeremy Doner"
Todo a la vez en todas partes,2022/06/03,139,,"12,2,14","Evelyn Wang (Michelle Yeoh) es una mujer china residente en Estados Unidos, cuyo matrimonio no atraviesa por su mejor momento y que pasa su vida entre las paredes de su pequeño apartamento y la lavandería que regenta. Tampoco parece tener una buena relación con su hija Joy (interpretada por Stephanie Hsu), ya que no aprueba del todo el noviazgo de la joven con una chica caucásica: Tallie Medel. Por si fuera poco, atraviesa por problemas económicos para mantener su negocio a flote y tiene a el departamento de Hacienda mirando con lupa todos sus pasos.La historia da un giro cuando se ve arrastrada involuntariamente a una increíble aventura mientras se encuentra en un edificio gubernamental tratando de poner sus cuentas en orden, en la que sólo ella puede salvar el mundo explorando otros universos relacionados con las vidas que podría haber llevado.",/movies_images/todo-a-la-vez-en-todas-partes.jpg,https://www.youtube.com/embed/PkhHfhmC6cA,"Michelle Yeoh,Ke Huy Quan,Jamie Lee Curtis,Stephanie Hsu","Daniel Scheinert,Daniel Kwan","Daniel Scheinert,Daniel Kwan"
Jurassic World: Dominion,2022/06/09,146,,"2,4,12","Esta nueva entrega transcurre cuatro años después de la destrucción de Isla Nublar vista en Jurassic World: El reino caído. Ahora, los dinosaurios conviven con los seres humanos en todo el mundo. Este frágil equilibrio cambiará el futuro y decidirá, de una vez por todas, si las personas seguirán siendo los principales depredadores en un planeta que comparten con los animales más temibles de la creación.&amp;nbsp;Owen Grady (Chris Pratt), el experto en rapaces, regresa en una nueva aventura junto a Claire Dearing (Bryce Dallas Howard), la guía del parque. Esta tercera entrega de la saga Jurassic World,&amp;nbsp;basada en los libros de Michael Crichton, la&amp;nbsp;produce Steven Spielberg (Ready Player One, Los archivos del Pentágono).",/movies_images/jurassic-world-dominion.jpg,https://www.youtube.com/embed/RJ4b1ZQxPmE,"Chris Pratt,Bryce Dallas Howard,Jeff Goldblum,Laura Dern",Colin Trevorrow,"Emily Carmichael,Colin Trevorrow,Michael Crichton,Colin Trevorrow,Derek Connolly"
Lightyear,2022/06/17,100,,"9,4,14,19,12","La película cuenta los orígenes de Buzz Lightyear, el héroe que inspiró el juguete, y nos da a conocer la historia de este legendario Guardián Espacial narrada como una apasionante aventura intergaláctica. &quot;El mundo de Buzz siempre me ha fascinado&quot;, ha declarado el director Angus MacLane. &quot;En Toy Story se vislumbraba apenas la historia de este Guardián Espacial y siempre quise explorar ese mundo más a fondo. '¿Qué película vio Andy para desear tener un juguete de Buzz Lightyear?' Esta es la pregunta que formulé al presentar el proyecto de Lightyear y yo quería ver esa película. Y he tenido la suerte de hacerlo realidad&quot;.",/movies_images/lightyear.jpg,https://www.youtube.com/embed/F10ab47cmYw,,Angus MacLane,"Angus MacLane,Pete Docter"
"14 días, 12 noches",2021/02/19,99,,5,"Isabelle Brodeur, una mujer de 54 años, pierde a su hija Clara, de origen vietnamita, en un trágico accidente de quad. Un año después de su muerte, la vida de Isabelle todavía está en estado de caos. Y cada día ve más imposible que todo vuelva a la normalidad. Rota por el dolor, Isabelle solo tiene un deseo: escapar, volar a Vietnam y sumergirse en el país de origen de Clara. Isabelle, que no acepta la muerte de la joven espera encontrar a Clara, una forma de prolongar su vida y rechazar su muerte.",/movies_images/14-das-12-noches.jpg,https://www.youtube.com/embed/TB5jJxi8Hb8,"Anne Dorval,François Papineau,Leanna Chea,Laurence Barrette",Jean-Philippe Duval,Marie Vien
Space Jam: Nuevas leyendas,2021/07/23,116,,"9,14,19","Secuela de la cinta original de 1996, Space Jam, protagonizada por Michael Jordan. En esta segunda parte, la super estrella de la NBA es LeBron James, quien queda&amp;nbsp;atrapado junto a su hijo&amp;nbsp;Dom&amp;nbsp;en un extraño lugar, un espacio digital de una fuerza todopoderosa y malvada conocida como&amp;nbsp;A.I.&amp;nbsp;Para volver a casa y poner a salvo a su hijo, el jugador de baloncesto deberá unir fuerzas con&amp;nbsp;Bugs Bunny,&amp;nbsp;Lola Bunny&amp;nbsp;y el resto de personajes de los&amp;nbsp;Looney Tunes&amp;nbsp;para enfrentarse en un partido de baloncesto a los campeones digitalizados por A.I.&amp;nbsp;",/movies_images/space-jam-nuevas-leyendas.jpg,https://www.youtube.com/embed/-8GlaZAiW3s,"LeBron James,Don Cheadle,Sonequa Martin-Green,Xosha Roquemore",Malcolm D. Lee,"Keenan Coogler,Terence Nance,Jesse Gordon (II),Leo Benvenuti,Timothy Harris,Steve Rudnick,Herschel Weingrod,Keenan Coogler,Terence Nance"
The Batman,2022/03/04,177,,"2,6","Cada noche Bruce Wayne se enmascara en la identidad de Batman para sumergirse en las profundidades de Gotham City. En su lucha contra el crimen únicamente cuenta con el apoyo de&amp;nbsp;Alfred Pennyworth y&amp;nbsp;la ayuda del teniente James Gordon, dentro de una blindada red de corrupción policial. Un nuevo asesino pone la mirada en algunos de los ciudadanos de Gotham creando una serie de sádicas maquinaciones que, mediante un rastro de pistas en forma de rompecabezas, llevarán a Batman por un camino turbulento y despiadado.&amp;nbsp;En su viaje hacia la venganza, el Caballero Oscuro se topará con&amp;nbsp;Selina Kyle -alias Catwoman-, Oswald Cobblepot -alias El Pingüino-, Carmine Falcone&amp;nbsp;y Edward Nashton -alias Enigma. Entre sombras y luces, Batman deberá forjar alianzas con algunos de ellos para impartir la justicia y acabar con el abuso de poder que tanto asola a la ciudad de Gotham.",/movies_images/the-batman.jpg,https://www.youtube.com/embed/IqRRLA6pZvo,"Robert Pattinson,Zoë Kravitz,Paul Dano,Jeffrey Wright",Matt Reeves,"Matt Reeves,Peter Craig"
Competencia oficial,2022/02/25,114,,14,"Buscando notoriedad y prestigio social, un rico empresario se lanza a rodar una película que deje huella. Para ello, ficha a los mejores: un equipo estelar formado por la prestigiosa cineasta Lola Cuevas (Penélope Cruz) y dos reconocidos intérpretes, de enorme talento pero con un ego aún más grande: el actor de Hollywood Félix Rivero (Antonio Banderas) y el actor radical de teatro Iván Torres (Oscar Martínez). Ambos son leyendas, pero tienen rencillas del pasado que solucionar. A través de una serie de pruebas cada vez más peculiares propuestas por Lola, Félix e Iván deben enfrentarse no solo entre sí, sino también con sus propios legados.",/movies_images/competencia-oficial.jpg,https://www.youtube.com/embed/Lutwmc_xT48,"Penélope Cruz,Antonio Banderas,Oscar Martinez,José Luis Gómez","Mariano Cohn,Gastón Duprat","Andrés Duprat,Mariano Cohn,Gastón Duprat"
CODA,2022/02/18,111,,5,"Como CODA (el acrónimo en inglés de 'Child of Deaf Adults', es decir, hija de adultos sordos), Ruby es la única que puede oír en su familia. Ayuda en el negocio familiar de pesca y sus planes son trabajar ahí una vez que termine el instituto. Ruby es acosada en clase debido a su particular situación en casa, pero cuando el chico que le gusta decida apuntarse a un coro, ella irá detrás para intentar conquistarle. Ahí descubre que tiene una preciosa voz y un don innato para la música.Mientras que el amor de Ruby por la música va creciendo, el negocio de sus padres va de mal en peor. Los nuevos impuestos y sanciones provocan una situación económica que les lleva a plantearse echar el cierre. Es entonces cuando la joven protagonista tendrá que elegir entre perseguir su pasión y su miedo a abandonar a sus padres.",/movies_images/coda.jpg,https://www.youtube.com/embed/iy910WCy5R0,"Emilia Jones,Marlee Matlin,Eugenio Derbez,Troy Kotsur",Siân Heder,Siân Heder
Ambulance: Plan de huida,2022/04/13,136,,"1,2","Dos hermanos se reúnen con motivo del precario estado de salud de la esposa de uno de ellos. Necesitan dinero para su tratamiento y la única manera de conseguirlo es atracando un banco. Durante el robo, la cosa se complica. El coche de huida se descarta por la llegada de la policía, pero tienen una alternativa. Se hacen con una ambulancia y comienza la huida, aunque no serán los únicos pasajeros: Un enfermo del corazón y una enfermera lucharán por sus vidas durante 80 frenéticos minutos.Remake del filme Danés Ambulancen estrenado en 2005 del director Laurits Munch-Petersen. En este caso, tenemos tras las cámaras al director Michael Bay (Dolor y dinero, 6 en la sombra).",/movies_images/ambulance-plan-de-huida.jpg,https://www.youtube.com/embed/o8LGXCQXEwY,"Jake Gyllenhaal,Yahya Abdul-Mateen II,Eiza Gonzalez,Garret Dillahunt",Michael Bay,"Chris Fedak,Laurits Munch-Petersen,Andreas Bo Pedersen"
Drive My Car,2022/02/04,177,,"5,11","Yusuke es actor y director de obras de teatro. Está casado con Fukaku, una mujer relacionada con el mundo del arte y que escribe los libretos de piezas de teatro. Ambos mantienen un feliz matrimonio, sin embargo, un día Fukaku desaparece sin motivo aparente y dejando atrás un secreto. Dos años después, Yusuke ha seguido adelante con su vida y acepta un trabajo como director en un festival de teatro. De camino a Hiroshima, conoce a su reservada chófer privada, Misaki. Mientras van transcurriendo los días junto a ella, Yusuke irá redescubriendo ciertos aspectos de su vida que había olvidado. &amp;nbsp;",/movies_images/drive-my-car.jpg,https://www.youtube.com/embed/-ofCqXmgx0E,"Hidetoshi Nishijima,Toko Miura,Masaki Okada,Reika Kirishima",Ryūsuke Hamaguchi,"Ryūsuke Hamaguchi,Takamasa Oe,Haruki Murakami"
Belfast,2022/01/28,99,,5,"El filme nos traslada a 1969 y nos presenta a Buddy: un niño de clase obrera, del norte de Belfast, que se siente feliz, amado y seguro. Su mundo es todo vida y diversión en las calles de una comunidad que permanece unida. Una comunidad donde todos sus familiares viven en la misma calle y donde es imposible perderse, porque todo el mundo en Belfast se conoce.Pero, cuando los años sesenta tocan su fin, un caluroso mes de agosto convierte los sueños de infancia de Buddy en una pesadilla. El descontento social acumulado de pronto estalla en la propia calle de Buddy y la situación se intensifica rápidamente. Primero, un ataque enmascarado, luego disturbios y, por último, un conflicto que se extiende por toda la ciudad, avivando las llamas más allá de la capital. Católicos contra protestantes, los que hasta hace un instante eran vecinos cordiales y amorosos, se convierten de pronto en enemigos mortales.",/movies_images/belfast.jpg,https://www.youtube.com/embed/6_8DxIn11eo,"Caitriona Balfe,Jamie Dornan,Jude Hill,Ciarán Hinds",Kenneth Branagh,Kenneth Branagh
Un pequeño plan...como salvar el planeta,2022/04/22,66,,14,Abel y Marianne descubren que su hijo de 13 años ha estado vendiendo los objetos de valor de la familia para conseguir dinero rápido. El objetivo del chico es muy curioso: quiere financiar un proyecto ecológico secreto en África que él cree salvará el planeta.,/movies_images/un-pequeo-plan...como-salvar-el-planeta.jpg,https://www.youtube.com/embed/9XTooYHJB3w,"Lionel Dray,Laetitia Casta,Louis Garrel,Maïmouna Gueye",Louis Garrel,"Louis Garrel,Jean-Claude Carrière"
Encanto,2021/11/26,103,,"9,19,8,14","Encanto&amp;nbsp;nos sitúa en el corazón de Colombia, narrando la increíble aventura de una joven y su familia. Pero, sorprendentemente, todos los miembros del clan tienen poderes mágicos excepto la protagonista.&amp;nbsp;La película de animación de Disney estará dirigida por Byron Howard y Jared Bush. Además, Bush también escribirá el guion junto a Charise Castro Smith.",/movies_images/encanto.jpg,https://www.youtube.com/embed/E4dCY_DvT-4,,"Byron Howard,Jared Bush,Charise Castro Smith","Jared Bush,Charise Castro Smith"
"Onoda, 10.000 noches en la jungla",2022/05/06,167,,"5,18,17","Finales de la II Guerra Mundial: Japón está perdiendo la guerra. Por orden del comandante Taniguchi, el joven Hirō Onoda es trasladado a una isla de Filipinas justo antes del desembarco del ejército americano. Los pocos soldados que arrastra hasta la jungla pronto descubrirán la doctrina desconocida que los unirá a este hombre: la guerra secreta. Para el Imperio, la guerra está a punto de finalizar. Para Onoda, la guerra terminará 10.000 noches después.",/movies_images/onoda-10.000-noches-en-la-jungla.jpg,https://www.youtube.com/embed/RaNUzNc98HA,"Kanji Tsuda,Yuya Matsuura,Kai Inowaki,Taiga Nakano",Arthur Harari,"Arthur Harari,Vincent Poymiro"
No te quiero,2022/05/20,109,,5,"A sus 14 años, Vika reside en una pequeña localidad situada en la región rusa de los Urales. Recolecta frutos silvestres que crecen en los humedales y ayuda a su madre a venderlas en un mercadillo de la calle. Le gustan las clases de coreografía de la escuela, pero tiene un problema: está embarazada de un bebé al que no desea.",/movies_images/no-te-quiero.jpg,https://www.youtube.com/embed/vh2k093IBOY,"Olga Malahova,Vladimir Shabelnikov,Tatiana Tihmeneva,Tatyana Tikhmenyova",Lena Lanskih,Lena Lanskih
Veneciafrenia,2022/04/22,80,,3,"Durante décadas, Venecia se ha ido apagando poco a poco por culpa de los turistas. Los venecianos, cansados de que su ciudad esté muriendo poco a poco, han decidido poner freno a esta invasión organizándose en grupo y dando rienda suelta a su instinto de supervivencia. Sin embargo, un grupo de turistas españoles que desconocen esta situación, viajan a Venecia con el objetivo de divertirse. Pero una vez allí, se verán obligados a luchar por sus vidas.&amp;nbsp;Veneciafrenia&amp;nbsp;forma parte de The Fear Collection, un sello de películas de terror ideado por Álex de la Iglesia y Carolina Bang bajo la producción de Pokeepsie Films, junto a Sony Pictures y Amazon Prime Video. Este largometraje, dirigido por el propio Álex de la Iglesia y con un guion de Jorge Guerricaechevarría, es el primero de la colección.",/movies_images/veneciafrenia.jpg,https://www.youtube.com/embed/7gvm5aUvYNg,"Ingrid García Jonsson,Silvia Alonso,Goize Blanco,Nicolás Illoro",Álex de la Iglesia,"Álex de la Iglesia,Jorge Guerricaechevarria"
¡Canta 2!,2021/12/22,110,,"9,15,19","En un mundo de animales antropomórficos, el koala Buster Moon es el propietario de un teatro donde organiza espectáculos musicales. En el concurso de canto más grande del mundo consiguió que los debutantes Rosita, Mike, Johnny, Ash y Meena fueran lanzados al estrellato. Aunque aún se desconocen los detalles de la trama de este nuevo filme de animación, lo que está asegurado es que disfrutaremos de muchas versiones de canciones populares. Esta película de animación es la secuela de ¡Canta! (2016).",/movies_images/canta-2.jpg,https://www.youtube.com/embed/gX296YHT65s,,"Garth Jennings,Christophe Lourdelet",Garth Jennings
"En realidad, nunca estuviste aquí",2017/11/24,90,,"1,5","Joe (Joaquin Phoenix) es un ex soldado y veterano de Guerra, un ejecutor brutal y atormentado que dedica sus días a arreglar cuentas ajenas. Un día recibe el encargo de rescatar a la hija de un senador, que ha sido secuestrada. Esta misión de liberar a la adolescente desaparecida despertará en él a la bestia que lleva dentro, y será entonces cuando la venganza se convertirá en su motivación.Lynne Ramsay (Tenemos que hablar de Kevin, Morvern Callar) dirige este thriller, cuyo guión también ha escrito basándose en la novela corta En realidad, nunca estuviste aquí (2013) de Jonathan Ames. Sus protagonistas son Joaquin Phoenix (Irrational Man, Puro vicio) y Ekaterina Samsonov (The Ticket, Anesthesia).",/movies_images/en-realidad-nunca-estuviste-aqu.jpg,https://www.youtube.com/embed/UkDOo7IKTrU,"Joaquin Phoenix,Ekaterina Samsonov,John Doman,Alex Manette",Lynne Ramsay,Lynne Ramsay
"Kaporito, el guardián de la montaña",2022/04/22,80,,"9,19",Kaporito es un oso frontino que vive a los pies de la cordillera andina. Esta película cuenta las aventuras de este oso y sus amigos cuando tienen que escapar de cazadores y evitar la destrucción de su hábitat natural.,/movies_images/kaporito-el-guardin-de-la-montaa.jpg,https://www.youtube.com/embed/xWJICVpj_a0,,Viveca Baiz,"Aquiles Ascencion,Viveca Baiz,Donald Myerston"
Lunáticos,2022/01/14,85,,"9,19,4","Basado en uno de los libros para niños más populares de Alemania,&amp;nbsp;Lunáticos cuenta la historia del pequeño Pete. Este chico se embarca en un viaje mágico junto con el Sr. Zoomzeman y Sandman, para rescatar a su hermana pequeña del malvado Moon Man.",/movies_images/lunticos.jpg,https://www.youtube.com/embed/fP1G3cbBjSM,,Ali Samadi Ahadi,"Ali Samadi Ahadi,Arne Nolting"
"Nunca, casi nunca, a veces, siempre",2020/09/25,102,,5,"Autumn (Sidney Flanigan) es una adolescente normal de 17 años en una pequeña ciudad de Pennsylvania que descubre que está embarazada. Por miedo a la respuesta de su madre (Sharon Van Etten) y su padrastro (Ryan Eggold) decide acabar con el embarazo, pero no recibe mucha ayuda en la clínica sin la autorización de su madre. Sin saber qué hacer decide acabarlo por su cuenta cuando su prima Skylar (Talia Ryder) descubre lo que pasa y decide ayudarla. Juntas emprenden un viaje a Nueva York buscando ayuda más allá de su estado natal. Lo que en un principio iba a ser un corto viaje de ida y vuelta, se complica más de lo esperado. Never Rarely Sometimes Always es un perfecto retrato de la realidad de cientos de jóvenes en los Estados Unidos y un reflejo del complicado sistema de salud estadounidense.",/movies_images/nunca-casi-nunca-a-veces-siempre.jpg,https://www.youtube.com/embed/dG-LQDzM9nk,"Sidney Flanigan,Talia Ryder,Théodore Pellerin,Sharon Van Etten",Eliza Hittman,Eliza Hittman
Benedetta,2021/10/01,131,,"5,17,11","Esta película es la adaptación cinematográfica de la novela escrita por Judith C. Brown, y cuenta la historia de una monja del siglo XVII que vive en Italia. Su vida tranquila es pronto perturbada por una serie de visiones tanto religiosas como eróticas. Pronto, comienza una relación romántica con una de las monjas del convento en el que reside.Paul Verhoeven (RoboCop) dirige este drama histórico que tiene como protagonista a la actriz Virgine Efira (Elle).",/movies_images/benedetta.jpg,https://www.youtube.com/embed/NxnZhq0W7G8,"Virginie Efira,Charlotte Rampling,Daphne Patakia,Lambert Wilson",Paul Verhoeven,"Paul Verhoeven,David Birke"
Los minions,2015/07/03,91,,"9,19","A lo largo del tiempo, los Minions han ido sirviendo a los más despreciables villanos. Después de que muchos de ellos fueran muriendo accidentalmente, desde un Tiranosaurio Rex hasta Napoleón, los Minions se encuentran ahora sin un amo al que servir, y caen en una terrible depresión. Un día, el Minion Kevin decide embarcarse junto al rebelde de Stuart y al adorable y pequeño Bob en la búsqueda de un nuevo amo malvado al que seguir junto a todos sus hermanos; y en una convención de super villanos encuentran a Scarlet Overkill, la primera super villana femenina del mundo. Viajando desde la Antártida hasta el Nueva York de los años 60, los Minions acaban en el Londres actual donde tienen que hacer frente a su mayor reto: salvar a toda la raza de Minions que quieren aniquilar.Los minions está dirigida por Pierre Coffin y Kyle Balda, los creadores de Gru. Mi villano favorito y Gru 2. Mi villano favorito. Cuenta con las voces, en su versión original, de Sandra Bullock (Gravity); Jon Hamm (la serie de televisión Mad Men); y Steve Carrell (Foxcatcher).",/movies_images/los-minions.jpg,https://www.youtube.com/embed/_-R1t39lPoQ,,"Pierre Coffin,Kyle Balda","Brian Lynch,Eric Guillon"
Salvajes,2012/09/28,130,,"5,1","El director Oliver Stone ('Asesinos natos') regresa al cine más extremo y violento con esta cinta basada en una novela homónima de Don Wislow, que retrata las aventuras de dos jóvenes, Ben (Aaron Johnson, 'Kick Ass. ¡Listos para machacar!') y Chon (Taylor Kitsch, 'John Carter'), que comparten novia (Blake Lively, 'Gossip Girl') y algo más: un pequeño negocio de marihuana que pretenden expandir al otro lado de la frontera para hacerse ricos con él. Sin embargo, las cosas no serán tan fáciles como piensan, ya que el terreno que pisan comienza a ser cada vez más peligroso a medida que su negocio va generando más y más beneficios. Son ambiciosos, y eso les llevará a enfrentarse a una organización de narcotraficantes mexicanos. Los narcos secuestrarán a su chica, lo que desencadenará toda una ola de persecuciones, venganza, sangre y locura.En el reparto encontramos también a los latinos Salma Hayek ('Desperado'), Benicio del Toro ('Traffic'), Demian Bichir ('A Better Life') y también a Emile Hirsch ('Hacia rutas salvajes').",/movies_images/salvajes.jpg,https://www.youtube.com/embed/fhRlaeV4LDE,"Taylor Kitsch,Aaron Taylor-Johnson,Blake Lively,Benicio Del Toro",Oliver Stone,"Shane Salerno,Don Winslow,Oliver Stone,Don Winslow"
Terciopelo azul,1986/10/31,120,,"6,5","Regresando a casa después de que su padre sufriera un accidente, Jeffrey Beaumont (Kyle MacLachlan, 'Sexo en Nueva York') encuentra por el camino una oreja humana amputada. Alerta al detective de la policía John Williams, cuya hija, Sandy, es amiga suya. Ella le cuenta los detalles sobre una mujer sospechosa llamada Dorothy (Isabella Rossellini, 'Corazón salvaje'), que puede estar conectada con el caso que lleva su padre.Apoyado por Sandy, Jeffrey inicia su propia investigación. Curioso por el caso, entra en el apartamento de Dorothy haciéndose pasar por un exterminador de plagas, mientras ella se distrae con un hombre. En un momento de despiste de Dorothy, Jeffrey le roba la llave de repuesto de la casa. Siguiéndole la pista, una noche llega al local donde canta Dorothy, que interpreta en ese momento &quot;Blue Velvet&quot;. Jeffrey se marcha corriendo a su apartamento para seguir investigando, pero antes de poder salir, Dorothy ha regresado, encontrándole. La mujer empuña un cuchillo pensando que se trata de un acosador sexual, decidiendo ocultarle en un armario cuando llega al piso Frank Booth (Dennis Hopper, 'Hoosiers'), con el que Dorothy mantiene una relación sadomasoquista. Después de su marcha, Jeffrey verá que ella quiere tener algo con él, viéndose envuelto en una particular relación con la sospechosa de su investigación.",/movies_images/terciopelo-azul.jpg,https://www.youtube.com/embed/Riv7Brkqsn4,"Isabella Rossellini,Kyle MacLachlan,Dean Stockwell,Dennis Hopper",David Lynch,David Lynch
Días de radio,1987/12/18,88,,14,"Nueva York, años cuarenta. La radio juega un papel central en la vida de muchos estadounidenses, es su época dorada. A Joey Needleman (Seth Green), un niño judío de 10 años que proviene de una familia modesta, le encanta la radio. Algo normal en su familia ya que viven con el receptor permanentemente encendido. La familia de Joey es algo peculiar: sus padres (Martin Rosenblatt y Helen Miller), a pesar de quererse con locura siempre terminan discutiendo por tonterías; su tía Bea (Dianne Wiest) es una mujer que se ha casado varias veces y todas ellas han sido fallidas; sus abuelos (William Magerman y Leah Carrey) son muy especiales y otra tía, Ceil (Renée Lippin), es una soñadora empedernida. A pesar de parecer que nunca se ponen de acuerdo todos tienen un punto en común, la radio. Cada miembro tiene su programa favorito. El pequeño pelirrojo sueña con ser un día como su héroe, “El vengador enmascarado”, ya que su cabeza está llena de fantasías. Pero, al igual que él, muchas personas utilizan la radio como medio para evadirse de la realidad que están viviendo. La música, las series lacrimógenas, los concursos, las crónicas o las leyendas les ayudan a ser menos infelicesContada en primera persona, como si Joey la narrara y con la radio como nexo central se desarrolla toda la historia.",/movies_images/das-de-radio.jpg,https://www.youtube.com/embed/CEd8tjKsYT4,"Dianne Wiest,Mia Farrow,Seth Green,Julie Kavner",Woody Allen,Woody Allen
Juana la loca,2001/09/28,117,,"17,13,11","Reino de Castilla, finales del siglo XV. Del puerto de Laredo parte la flota que lleva a Flandes a la joven Juana (Pilar López de Ayala, 'Obaba'), hija de los Reyes Católicos, Isabel (Susi Sánchez, 'Malena es un nombre de tango') y Fernando (Hector Colomé, 'La caja 507'). Para afianzar una alianza dinástica con el Sacro Imperio, y aislar al máximo rival de Castilla y Aragón, Francia, Juana tendrá que casarse con el joven hijo del emperador Maximiliano, Felipe el Hermoso (Daniele Liotti, 'El ángel de los niños').El encuentro entre ambos será apasionante. Sin apenas haberse conocido, surgirá entre ellos una fuerte atracción y deseo. Pero Felipe se encarrilará pronto hacia los deslices amorosos y Juana sufrirá unos fuertes ataques de celos, fruto de su amor desmedido por él, hecho por el que acabarán llamándola Juana &quot;la loca&quot;. Este hecho, unido a las intrigas políticas que suceden a su alrededor y a la muerte de su madre, acabará perturbando fuertemente su matrimonio.Nominada a doce premios en la XVI edición de los Premios Goya en 2002 , incluídos &quot;mejor película&quot; y &quot;mejor director&quot;, la cinta de Vicente Aranda sólo arañó tres premios, entre los que destaca el de &quot;mejor actriz&quot; para Pilar López de Ayala.",/movies_images/juana-la-loca.jpg,https://www.youtube.com/embed/dcoKi1joeHc,"Pilar López de Ayala,Giuliano Gemma,Rosana Pastor,Willy Toledo",Vicente Aranda,"Vicente Aranda,Antonio Larreta"
Marmaduke,2010/06/18,87,,"14,19","Phil y Debbie Winslow tienen un enorme perro, llamado Marmaduke, al que tienen un cariño muy especial. Sin embargo, cuando la pareja se tiene que mudar de Kansas a California por motivos de trabajo será un gran problema trasladar al canino. En su nuevo barrio, Marmaduke será conocido por los vecinos rápidamente…",/movies_images/marmaduke.jpg,https://www.youtube.com/embed/l9WIHY_pm5Y,"Lee Pace,William H. Macy,Judy Greer,David Walliams",Tom Dey,"Vince Di Meglio,Tim Rasmussen,Brad Anderson (II),Phil Leeming"
El acontecimiento,2022/03/18,100,,5,"Filme que nos traslada a Francia a mediados de los años 60. En este contexto, Anne (Anamaria Vartolomei), una joven y destacada estudiante con un gran futuro por delante, se queda embarazada sin querer. De la noche a la mañana ve como su sueño de terminar sus estudios desaparece, y no va a poder escapar de las asfixiantes restricciones de su entorno. Con los exámenes finales a la vuelta de la esquina y un bebé que no para de crecer en su interior, la jovendecide poner cartas en el asunto incluso si supone confrontar la vergüenza, el dolor y hasta ir a la cárcel por ello.",/movies_images/el-acontecimiento.jpg,https://www.youtube.com/embed/vf2HVa0rYLg,"Anamaria Vartolomei,Kacey Mottet Klein,Luàna Bajrami,Louise Orry-Diquéro",Audrey Diwan,"Audrey Diwan,Marcia Romano,Annie Ernaux"
Jerry Maguire,1997/03/07,138,,"10,11","Jerry Maguire lleva una vida de alto nivel puede permitirse cualquier cosa con su sueldo como agente deportivo, pero un día decide cambiar de vida, busca un camino más profundo y enriquecedor para su espíritu. Sin embargo, las nuevas perspectivas de Jerry no concuerda con la ética de su trabajo, y es despedido inmediatamente. De todos modos, con la ayuda de una cliente, seguirá buscando sus felicidad y el amor.",/movies_images/jerry-maguire.jpg,https://www.youtube.com/embed/7gZcQ6ddJF0,"Tom Cruise,Cuba Gooding Jr.,Renée Zellweger,Kelly Preston",Cameron Crowe,Cameron Crowe
Alma anciana,2022/05/27,93,,5,"Yono, o Mbah Jhiwo (Alma Anciana), es uno de los mineros que cargan a diario grandes rocas de azufre por la ladera del cráter del Kawa Ijen. Una mañana, de forma inesperada, su mujer abandona el hogar familiar alterando una rutina en la que el tiempo parecía suspendido. Desde entonces, atrapado como Sísifo en un eterno retorno y guiado por la fe en recuperarla, Yono se enfrentará a sucesos parecidos que irán mutando de aspecto según sus creencias cambian del animismo al islam y al capitalismo. Una película de etnoficción que explora la alteridad y cuestiona el mito del progreso en la realidad neocolonial de las islas de los Mares del Sur.",/movies_images/alma-anciana.jpg,https://www.youtube.com/embed/V3qFaQwpKJU,,Alvaro Gurrea,Alvaro Gurrea
La noche de San Lorenzo,1982/11/12,110,,"5,17","Italia, noche del 10 de agosto de 1944. Plena Segunda Guerra Mundial. Un grupo de vecinos de un pueblo de la Toscana huyen a las montañas, la noche de San Lorenzo, tras los rumores de que los nazis van a bombardear la zona.",/movies_images/la-noche-de-san-lorenzo.jpg,https://www.youtube.com/embed/ADIph1-og3o,"Margarita Lozano,Claudio Bigagli,Omero Antonutti,Renata Zamengo","Paolo Taviani,Vittorio Taviani","Paolo Taviani,Vittorio Taviani,Giuliani G. De Negri"
Esperando a mister Bojangles,2022/05/13,125,,"10,5,14","Camille y Georges no paran de bailar su canción favorita, Mr Bojangles. En casa sólo hay lugar para la diversión, la fantasía y los amigos. Hasta el día en que la madre va demasiado lejos, obligando a Georges y a su hijo Gary a hacer todo lo posible para evitar el desastre en el hogar.",/movies_images/esperando-a-mister-bojangles.jpg,https://www.youtube.com/embed/nLe4xLUedqY,"Virginie Efira,Romain Duris,Grégory Gadebois,Lucas Bléger",Regis Roinsard,"Romain Compingt,Regis Roinsard"
Uncharted,2022/02/11,116,,"4,2","Nathan Drake es un joven huérfano que desde que se despidió años atrás de su hermano en el orfanato de acogida y jamás ha vuelto a verle. Siempre soñaban a lo grande y con una misión: conseguir el oro perdido de Magallanes. Sin embargo, todas las postales y promesas de volver junto a él quedaron en el olvido.&amp;nbsp;Un día Nathan recibe la visita de&amp;nbsp;Victor Sullivan, un misterioso hombre con un gran talento para robar como él, quien le trae noticias de su hermano. Desesperado por volver a verle, Nathan se embarcará en una peligrosa y temeraria cruzada por España y otros países del mundo hasta encontrar las pistas suficientes que les lleven hasta el oro perdido de Magallanes, y por ende hasta su hermano. &amp;nbsp;",/movies_images/uncharted.jpg,https://www.youtube.com/embed/v6uwWIK3p4g,"Tom Holland,Mark Wahlberg,Sophia Ali,Alana Boden",Ruben Fleischer,"Rafe Judkins,Art Marcum,Matt Holloway,Rafe Judkins,Art Marcum,Matt Holloway,Dan Trachtenberg"
"Ainbo, la guerrera del Amazonas",2022/02/25,84,,"9,4,19","En la estela de Moana y Frozen, Ainbo es el viaje épico de una joven heroína y sus guías espirituales: Dillo un armadillo pequeño y divertido y Vaca un tapir de gran tamaño. Todos ellos se embarcan en una búsqueda para salvar su hogar, situado en la espectacular selva amazónica.",/movies_images/ainbo-la-guerrera-del-amazonas.jpg,https://www.youtube.com/embed/TO3Zw15GKyw,,"Richard Claus,Jose Zelada","Richard Claus,Brian Cleveland,Jason Cleveland,Larry Wilson,Jose Zelada"
"París, distrito 13",2022/04/08,106,,"14,11","El filme traslada la acción al&amp;nbsp;barrio de Les Olympiades, en París en el Distrito&amp;nbsp;13.&amp;nbsp;En este lugar reside un grupo de adolescentes que mantienen una intensa amistad. Por un lado está Emilie, que conoce a Camille, quien se siente atraída por Nora, que a su vez se encuentra con Amber. Son amigos, pero su conexión y libertad amorosa también les llevará a ser amantes, y a veces ambas cosas.",/movies_images/pars-distrito-13.jpg,https://www.youtube.com/embed/FUmJ_WHAqLg,"Lucie Zhang,Makita Samba,Noémie Merlant,Pol White",Jacques Audiard,"Céline Sciamma,Léa Mysius,Jacques Audiard"
Miguel Ángel (El pecado),2022/05/06,134,,"13,17,5","Florencia, principios del siglo XVI. Aunque muy popular y considerado un genio por muchos de sus compañeros, Michelangelo Buonarroti vive en la pobreza, agotado por su lucha para acabar su obra en el la Capilla Sistina. Cuando su mecenas (el papa Julio II) fallece, Michelangelo se obsesiona por conseguir el mejor mármol para acabar su tumba. El artista vive momentos de angustia y éxtasis de su genio creativo, mientras dos familias nobles rivales se disputan su lealtad. Su mayor prueba viene cuando el Papa León X (de la familia Medici), accede al papado y le entrega un nuevo encargo: la fachada de la basílica de San Lorenzo.",/movies_images/miguel-ngel-el-pecado.jpg,https://www.youtube.com/embed/kcnhqPkmiKM,"Alberto Testone,Adriano Chiaramida,Yuliya Vysotskaya,Orso Maria Guerrini",Andrey Konchalovsky,Andrey Konchalovsky
Animales Fantásticos: Los Secretos de Dumbledore,2022/04/08,142,,"8,4","En Animales Fantásticos: Los Secretos de Dumbledore el malvado y poderoso mago&amp;nbsp;Grindelwald sigue buscando adeptos a su causa, pero esta vez se transportará a todos los rincones y mundos mágicos existentes para obtener lo que quiere. Por otra parte, Dumbledore unirá a su propio ejército formado por&amp;nbsp;Newt y Theseus Scamander, Jacob, entre otros, para poner fin a la guerra que está a punto de comenzar Grindelwald en su nombre.&amp;nbsp;Mientras encuentran aliados y la manera de poner fin a esta oscura edad, el pasado de Dumbledore irá cada vez tomando más presencia en la historia entre él y su antiguo amigo Grindelwald, con quien le unen otros grandes lazos más allá de la enemistad.&amp;nbsp;",/movies_images/animales-fantsticos-los-secretos-de-dumbledore.jpg,https://www.youtube.com/embed/ZfPlsOgawWY,"Eddie Redmayne,Jude Law,Mads Mikkelsen,Ezra Miller",David Yates,"J.K. Rowling,Steve Kloves,J.K. Rowling,J.K. Rowling"
La ciudad perdida,2022/04/13,112,,"14,2","Una escritora de novelas románticas se encuentra en plan gira de promoción de su libro por todo el país. Acompañada del modelo que acapara la portada de su bestseller, la protagonista sufrirá un intento de secuestro, lo que les llevará a ambos a adentrarse en la selva para poder sobrevivir a este misterioso ataque.El reparto principal de esta comedia romántica está formado por:&amp;nbsp;Sandra Bullock, Channing Tatum y Patti Harrison.",/movies_images/la-ciudad-perdida.jpg,https://www.youtube.com/embed/VPOLHCJkLw0,"Sandra Bullock,Channing Tatum,Daniel Radcliffe,Da’vine Joy Randolph","Aaron Nee,Adam Nee","Oren Uziel,Dana Fox,Adam Nee,Aaron Nee,Seth Gordon"
Los tipos malos,2022/03/18,100,,"9,14,4,19","Esta es la historia de cinco notables villanos con una extensa carrera criminal: Mister Wolf, Mister Snake, Mister Piranha, Mister Shark y Mister Tarantula. Juntos han pasado toda una vida llevando a cabo grandes atracos. Ahora tramarán un complot para realizar su último trabajo.Película de animación basada en la exitosa serie de novelas gráficas The Bad Guys, creada por Aaron Blabey.",/movies_images/los-tipos-malos.jpg,https://www.youtube.com/embed/gzsRenSxjyE,,Pierre Perifel,"Etan Cohen,Hilary Winston,Aaron Blabey"
El hombre del Norte,2022/04/22,137,,"2,17","Islandia, principios del siglo X. El peuqño príncipe nórdico Amleth ve como su padre el rey Horvendill (Ethan Hawke) es asesinado a manos del sanguinario Fjölnir (Claes Bang). Ya entrado en la edad adulta (y con los rasgos de Alexander Skarsgård) emprende una misión de venganza en la que no se detendrá ante nada y ante nadie, dejando un pavoroso reguero de sangre a su paso. El argumento se basa en una historia que&amp;nbsp; aparece en Gesta Danorum (Historia de los daneses), una colección de tradiciones orales escrita hacia el año 1200 por Saxo Grammaticus.Una historia nórdica que inspiró el Hamlet de Shakespeare, ambientada en el mundo de los vikingos y dirigida el cineasta Robert Eggers, responsable de El faro (2019) y La bruja: Una leyenda de Nueva Inglaterra (2015).",/movies_images/el-hombre-del-norte.jpg,https://www.youtube.com/embed/7HZ4tBQEiB0,"Alexander Skarsgård,Nicole Kidman,Claes Bang,Anya Taylor-Joy",Robert Eggers,Robert Eggers
Juego de asesinos (Copshop),2022/05/20,108,,"1,2","Atravesando el desierto de Nevada en un vehículo acribillado a tiros, el estafador Teddy Murretto (Frank Grillo) trama un plan para esconderse del letal sicario Bob Viddick (Gerard Butler): agrede a la agente novata Valerie Young (Alexis Louder), para que lo detengan y le metan preso en la comisaría. Pero la cárcel no puede proteger a Murretto por mucho tiempo. Viddick se las ingenia para ser detenido también, esperando su momento en una celda cercana hasta que pueda completar su misión. Cuando la llegada de un asesino de la competencia (Toby Huss) desencadena el caos, las crecientes amenazas obligan a Viddick a ser creativo si quiere terminar el trabajo y escapar de la compleja situación.",/movies_images/juego-de-asesinos-copshop.jpg,https://www.youtube.com/embed/P2x0Yvw09v4,"Gerard Butler,Frank Grillo,Alexis Louder,Toby Huss",Joe Carnahan,"Joe Carnahan,Mark Williams (II)"
El sastre de la mafia,2022/05/20,106,,"5,1","Filme que sigue los pasos de Leonard, un sastre inglés que solía confeccionar trajes en el mundialmente famoso Savile Row de Londres. Pero después de una tragedia personal, termina en Chicago, trabajando en una pequeña sastrería en una zona peligrosa de la ciudad. Allí teje bonitas prendas para las únicas personas que pueden pagarlas: una familia de peligrosos mafiosos.",/movies_images/el-sastre-de-la-mafia.jpg,https://www.youtube.com/embed/9IjXnbeTsYA,"Mark Rylance,Dylan O&#039;Brien,Johnny Flynn,Zoey Deutch",Graham Moore,"Graham Moore,Johnathan McClain"
Jujutsu Kaisen 0: La película,2022/05/27,105,,"9,2,5,8","Yuuta Okkotsu está embrujado. Desde que su amiga de la infancia, Rika, murió en un accidente de tráfico, su fantasma se ha quedado con él. Pero su espíritu no aparece como la dulce chica que Yuuta conoció una vez. En cambio, se manifiesta como una entidad monstruosa y poderosa que lo protege ferozmente. Incapaz de controlar el comportamiento violento de Rika, Yuuta se ve impotente para detener el derramamiento de sangre que sigue a su brutal venganza.",/movies_images/jujutsu-kaisen-0-la-pelcula.jpg,https://www.youtube.com/embed/WaeHPza3Mdg,,Sung-ho Park,"Hiroshi Seko,Gege Akutami"
El arma del engaño,2022/05/20,127,,"18,5,17","Durante la Segunda Guerra Mundial, dos oficiales de inteligencia utilizan un cadáver y papeles falsos para burlar a las tropas alemanas. El filme cuenta una historia humana de los soldados en la sombra, que luchan en un tipo diferente de guerra fuera de las trincheras y moviéndose en el engaño; perseguidos por el conocimiento de que la certeza y la garantía de éxito no están aseguradas.",/movies_images/el-arma-del-engao.jpg,https://www.youtube.com/embed/C6U4RyUXtX0,"Colin Firth,Matthew Macfadyen,Kelly Macdonald,Penelope Wilton",John Madden,"Michelle Ashford,Ben Macintyre"
Doctor Strange en el Multiverso de la Locura,2022/05/06,126,,"8,2","En esta nueva aventura, el Doctor Strange (Benedict Cumberbatch) va a poner a prueba los límites de sus poderes y esto le llevará a explorar una nueva dimensión de sus capacidades. Tras haber fallado su hechizo, cuando trataba de ayudar a Spider-Man (Tom Holland) con su identidad secreta,&amp;nbsp; tiene que recurrir a una vieja amiga, Wanda Maximoff (Elizabeth Olsen) para enmendar su error. Como nunca antes, el famoso hechicero de Marvel explorará los&amp;nbsp;oscuros rincones del Multiverso, donde deberá contar con nuevos y viejos aliados si quiere sobrevivir a las&amp;nbsp;peligrosas realidades alternativas del universo y enfrentarse a un nuevo misterioso enemigo.",/movies_images/doctor-strange-en-el-multiverso-de-la-locura.jpg,https://www.youtube.com/embed/NOpzldCE7GY,"Benedict Cumberbatch,Elizabeth Olsen,Chiwetel Ejiofor,Benedict Wong",Sam Raimi,"Michael Waldron,Scott Derrickson,C. Robert Cargill,Jon Spaihts,Jade Bartlett,Stan Lee,Steve Ditko"
Top Gun: Maverick,2022/05/26,131,,2,"Después de más de treinta años de servicio, a Pete 'Maverick' Mitchell (Tom Cruise) su reputación le precede. Maverick fue uno de los mejores aviadores de la Armada, condecorado con medallas de combate y menciones, y responsable de hazañas legendarias. Claro que él no se esperaba volver a la academia de pilotos de combate Top Gun, donde le requieren como instructor de vuelo para formar a una nueva generación de jóvenes pilotos de combate, hombres y mujeres. Allí conocerá a Bradley 'Rooster' Bradshaw (Milles Teller), el hijo de Goose, su antiguo compañero fallecido, mientras intentará adaptarse a las nuevas tecnologías y la guerra de los drones.Esta película es la secuela de Top Gun: Idolos del aire (1986), mítico filme de los años 80 dirigido por Tony Scott.",/movies_images/top-gun-maverick.jpg,https://www.youtube.com/embed/zmFdhZ6gyUM,"Tom Cruise,Miles Teller,Jennifer Connelly,Jon Hamm",Joseph Kosinski,"Christopher McQuarrie,Ehren Kruger,Eric Warren Singer,Jim Cash,Jack Epps Jr."
Red Rocket,2022/05/06,131,,"5,14","La cinta narra la historia de Mikey Saber, una antigua estrella del porno que tras vivir la época dorada y ahora vivir en el absoluto fracaso decide regresa a su ciudad natal de Texas. Sin embargo, sus vecinos no están dispuestos a hacerle la vuelta nada fácil. Nadie le quiere de nuevo cerca. Los habitantes de localidad son personas cuya única forma de salir adelante es hacerse pasar por veteranos de guerra y para vemder objetos militares o bien vender pasar droga a baja escala. Sean Barker ofrece una visión realista del llamado sueño americano, a través de unos personajes que viven de la mentira y el desprecio al otro.",/movies_images/red-rocket.jpg,https://www.youtube.com/embed/TIyu8ruFcUk,"Simon Rex,Bree Elrod,Suzanna Son,Brenda Deiss",Sean Baker,"Sean Baker,Chris Bergoch"
X,2022/04/29,106,,"3,1","En 1979, un grupo de jóvenes aficionados al cine se citan en una recóndita granja en una zona rural de Texas, para rodar una película pornográfica. Cuando los propietarios del lugar, una extraña pareja de ancianos, descubren sus intenciones, el rodaje se convierte en una lucha desesperada por sobrevivir.",/movies_images/x.jpg,https://www.youtube.com/embed/YHAL3XyDTaU,"Mia Goth,Jenna Ortega,Brittany Snow,Kid Cudi",Ti West,Ti West